Datetime,Open,High,Low,Close,Volume
2026-03-02 09:15:00,24723.4,24957.05,24722.0,24889.4,0
2026-03-02 09:30:00,24889.75,24977.25,24885.45,24963.65,0
2026-03-02 09:45:00,24964.3,24988.75,24883.2,24945.1,0
2026-03-02 10:00:00,24946.2,24953.25,24865.7,24884.85,0
2026-03-02 10:15:00,24885.35,24887.85,24853.7,24859.6,0
2026-03-02 10:30:00,24860.95,24885.25,24812.25,24813.7,0
2026-03-02 10:45:00,24814.8,24859.2,24814.0,24855.15,0
2026-03-02 11:00:00,24856.3,24868.7,24839.35,24843.2,0
2026-03-02 11:15:00,24844.8,24849.2,24797.55,24803.0,0
2026-03-02 11:30:00,24802.8,24825.45,24797.45,24821.6,0
2026-03-02 11:45:00,24822.2,24842.8,24782.7,24784.0,0
2026-03-02 12:00:00,24784.1,24784.6,24743.25,24744.55,0
2026-03-02 12:15:00,24743.5,24756.0,24718.55,24735.65,0
2026-03-02 12:30:00,24734.55,24741.25,24684.25,24687.9,0
2026-03-02 12:45:00,24687.5,24711.8,24679.1,24697.05,0
2026-03-02 13:00:00,24698.95,24706.65,24686.85,24695.5,0
2026-03-02 13:15:00,24695.65,24708.8,24671.6,24679.5,0
2026-03-02 13:30:00,24677.8,24690.65,24655.55,24675.35,0
2026-03-02 13:45:00,24675.15,24678.5,24604.7,24614.75,0
2026-03-02 14:00:00,24612.6,24795.5,24603.95,24787.4,0
2026-03-02 14:15:00,24787.5,24794.55,24727.8,24730.3,0
2026-03-02 14:30:00,24730.9,24879.35,24722.5,24864.85,0
2026-03-02 14:45:00,24865.3,24892.4,24815.2,24823.35,0
2026-03-02 15:00:00,24824.7,24904.8,24808.35,24904.8,0
2026-03-02 15:15:00,24905.25,24914.85,24845.2,24849.75,0
2026-03-04 09:15:00,24421.45,24471.2,24316.25,24342.85,0
2026-03-04 09:30:00,24344.75,24412.0,24317.15,24408.75,0
2026-03-04 09:45:00,24410.95,24416.2,24323.6,24325.9,0
2026-03-04 10:00:00,24325.8,24414.8,24306.6,24413.65,0
2026-03-04 10:15:00,24413.65,24437.35,24382.6,24419.05,0
2026-03-04 10:30:00,24420.0,24420.7,24379.95,24390.75,0
2026-03-04 10:45:00,24391.65,24422.4,24375.7,24391.45,0
2026-03-04 11:00:00,24394.2,24461.35,24388.6,24435.45,0
2026-03-04 11:15:00,24436.4,24438.9,24363.0,24365.55,0
2026-03-04 11:30:00,24367.05,24383.35,24354.15,24362.2,0
2026-03-04 11:45:00,24364.05,24401.05,24354.3,24375.15,0
2026-03-04 12:00:00,24376.85,24402.3,24376.35,24379.85,0
2026-03-04 12:15:00,24381.15,24385.6,24362.25,24368.3,0
2026-03-04 12:30:00,24368.95,24387.5,24357.75,24382.55,0
2026-03-04 12:45:00,24383.35,24428.1,24379.95,24416.8,0
2026-03-04 13:00:00,24418.0,24461.0,24414.5,24461.0,0
2026-03-04 13:15:00,24461.45,24476.7,24432.3,24451.6,0
2026-03-04 13:30:00,24451.25,24466.35,24418.15,24462.6,0
2026-03-04 13:45:00,24463.5,24469.85,24415.75,24437.0,0
2026-03-04 14:00:00,24437.9,24556.45,24437.55,24554.95,0
2026-03-04 14:15:00,24555.35,24574.25,24513.85,24522.5,0
2026-03-04 14:30:00,24523.1,24583.75,24502.6,24578.75,0
2026-03-04 14:45:00,24579.1,24602.0,24548.0,24582.95,0
2026-03-04 15:00:00,24582.95,24584.45,24457.45,24465.95,0
2026-03-04 15:15:00,24464.85,24482.15,24451.05,24473.95,0
2026-03-05 09:15:00,24615.9,24651.6,24553.75,24568.45,0
2026-03-05 09:30:00,24570.6,24599.6,24530.7,24596.2,0
2026-03-05 09:45:00,24597.5,24656.5,24583.75,24628.5,0
2026-03-05 10:00:00,24628.25,24649.0,24595.15,24596.25,0
2026-03-05 10:15:00,24597.05,24608.65,24538.55,24564.55,0
2026-03-05 10:30:00,24563.7,24653.95,24550.3,24650.95,0
2026-03-05 10:45:00,24651.05,24672.05,24629.25,24666.55,0
2026-03-05 11:00:00,24667.2,24672.5,24639.05,24643.2,0
2026-03-05 11:15:00,24639.85,24662.95,24607.7,24612.9,0
2026-03-05 11:30:00,24613.65,24638.3,24588.55,24590.35,0
2026-03-05 11:45:00,24590.75,24597.55,24556.9,24579.1,0
2026-03-05 12:00:00,24580.2,24616.3,24574.45,24615.5,0
2026-03-05 12:15:00,24615.65,24651.75,24592.9,24648.85,0
2026-03-05 12:30:00,24649.15,24665.95,24632.65,24645.8,0
2026-03-05 12:45:00,24645.8,24657.6,24619.4,24653.45,0
2026-03-05 13:00:00,24653.95,24660.85,24632.55,24639.65,0
2026-03-05 13:15:00,24640.7,24651.35,24621.75,24651.0,0
2026-03-05 13:30:00,24651.55,24671.3,24605.8,24619.8,0
2026-03-05 13:45:00,24619.85,24635.1,24569.75,24573.7,0
2026-03-05 14:00:00,24572.5,24586.1,24547.35,24553.75,0
2026-03-05 14:15:00,24554.15,24617.4,24529.55,24611.25,0
2026-03-05 14:30:00,24611.5,24759.45,24576.45,24726.8,0
2026-03-05 14:45:00,24727.05,24853.9,24712.75,24848.95,0
2026-03-05 15:00:00,24849.2,24853.25,24714.1,24714.8,0
2026-03-05 15:15:00,24716.0,24759.4,24706.05,24737.45,0
2026-03-06 09:15:00,24656.4,24683.0,24588.35,24681.2,0
2026-03-06 09:30:00,24681.5,24681.5,24639.8,24678.85,0
2026-03-06 09:45:00,24678.35,24688.1,24618.85,24625.15,0
2026-03-06 10:00:00,24624.3,24661.1,24616.95,24653.35,0
2026-03-06 10:15:00,24652.35,24675.65,24647.4,24651.75,0
2026-03-06 10:30:00,24652.35,24652.7,24608.75,24620.15,0
2026-03-06 10:45:00,24620.8,24622.3,24575.75,24594.65,0
2026-03-06 11:00:00,24594.9,24648.7,24594.9,24617.6,0
2026-03-06 11:15:00,24617.4,24621.4,24593.9,24607.25,0
2026-03-06 11:30:00,24607.75,24654.55,24602.55,24616.4,0
2026-03-06 11:45:00,24616.5,24634.85,24611.7,24625.7,0
2026-03-06 12:00:00,24625.85,24631.45,24605.45,24608.85,0
2026-03-06 12:15:00,24608.6,24623.35,24576.05,24578.3,0
2026-03-06 12:30:00,24578.25,24602.0,24578.25,24599.85,0
2026-03-06 12:45:00,24599.8,24611.25,24583.8,24603.7,0
2026-03-06 13:00:00,24603.6,24614.25,24591.9,24602.65,0
2026-03-06 13:15:00,24602.05,24614.85,24593.25,24609.65,0
2026-03-06 13:30:00,24609.0,24623.5,24573.85,24594.95,0
2026-03-06 13:45:00,24596.6,24596.6,24553.95,24554.9,0
2026-03-06 14:00:00,24555.7,24605.7,24543.8,24585.75,0
2026-03-06 14:15:00,24587.2,24616.45,24585.45,24593.0,0
2026-03-06 14:30:00,24593.45,24602.3,24534.95,24543.45,0
2026-03-06 14:45:00,24543.5,24559.75,24446.6,24482.55,0
2026-03-06 15:00:00,24481.8,24492.8,24431.5,24441.65,0
2026-03-06 15:15:00,24441.1,24474.4,24416.65,24469.4,0
2026-03-09 09:15:00,23868.05,23958.1,23697.85,23736.8,0
2026-03-09 09:30:00,23736.75,23799.3,23735.35,23738.7,0
2026-03-09 09:45:00,23737.4,23786.4,23711.85,23774.7,0
2026-03-09 10:00:00,23773.9,23834.15,23750.65,23807.25,0
2026-03-09 10:15:00,23806.2,23806.2,23755.85,23782.6,0
2026-03-09 10:30:00,23781.85,23791.75,23744.85,23782.1,0
2026-03-09 10:45:00,23783.4,23896.0,23750.15,23861.7,0
2026-03-09 11:00:00,23862.35,23871.65,23784.45,23818.6,0
2026-03-09 11:15:00,23819.5,23888.65,23787.35,23877.75,0
2026-03-09 11:30:00,23877.8,23932.0,23863.9,23897.65,0
2026-03-09 11:45:00,23897.65,23910.5,23878.75,23886.55,0
2026-03-09 12:00:00,23887.2,23888.6,23828.35,23855.8,0
2026-03-09 12:15:00,23855.35,23870.85,23839.2,23863.25,0
2026-03-09 12:30:00,23862.2,23883.15,23834.1,23873.25,0
2026-03-09 12:45:00,23873.45,23914.95,23854.3,23909.65,0
2026-03-09 13:00:00,23910.95,23918.2,23863.35,23870.7,0
2026-03-09 13:15:00,23869.7,23906.85,23853.85,23881.05,0
2026-03-09 13:30:00,23882.15,23937.55,23882.15,23903.4,0
2026-03-09 13:45:00,23902.85,23911.55,23876.05,23878.0,0
2026-03-09 14:00:00,23878.5,23904.8,23859.6,23881.35,0
2026-03-09 14:15:00,23883.6,23917.3,23863.95,23903.55,0
2026-03-09 14:30:00,23902.5,23956.3,23895.6,23946.55,0
2026-03-09 14:45:00,23946.95,24018.55,23939.3,24008.8,0
2026-03-09 15:00:00,24011.0,24075.85,23973.95,24047.8,0
2026-03-09 15:15:00,24047.7,24056.15,23994.7,24007.6,0
2026-03-10 09:15:00,24287.1,24296.9,24126.6,24159.8,0
2026-03-10 09:30:00,24159.35,24164.6,24086.4,24153.45,0
2026-03-10 09:45:00,24151.4,24157.2,24079.95,24093.1,0
2026-03-10 10:00:00,24092.05,24160.95,24091.3,24151.05,0
2026-03-10 10:15:00,24151.5,24213.7,24149.3,24160.6,0
2026-03-10 10:30:00,24160.3,24224.8,24159.1,24217.05,0
2026-03-10 10:45:00,24217.2,24233.2,24173.95,24197.4,0
2026-03-10 11:00:00,24197.6,24224.95,24186.6,24222.4,0
2026-03-10 11:15:00,24222.2,24243.5,24206.1,24229.0,0
2026-03-10 11:30:00,24229.55,24255.3,24226.95,24250.1,0
2026-03-10 11:45:00,24250.0,24250.5,24193.9,24210.65,0
2026-03-10 12:00:00,24210.8,24229.45,24172.5,24172.5,0
2026-03-10 12:15:00,24173.1,24189.45,24143.05,24162.65,0
2026-03-10 12:30:00,24163.3,24191.5,24142.45,24147.05,0
2026-03-10 12:45:00,24147.6,24231.35,24142.75,24219.15,0
2026-03-10 13:00:00,24219.4,24236.5,24194.9,24209.35,0
2026-03-10 13:15:00,24209.9,24225.3,24190.4,24212.6,0
2026-03-10 13:30:00,24212.55,24262.85,24212.4,24238.55,0
2026-03-10 13:45:00,24238.5,24253.5,24223.5,24233.2,0
2026-03-10 14:00:00,24233.45,24294.0,24215.6,24285.95,0
2026-03-10 14:15:00,24286.25,24296.65,24221.25,24235.45,0
2026-03-10 14:30:00,24235.2,24245.95,24201.95,24224.6,0
2026-03-10 14:45:00,24224.85,24278.15,24208.5,24261.45,0
2026-03-10 15:00:00,24261.95,24276.25,24217.5,24258.0,0
2026-03-10 15:15:00,24257.4,24302.5,24254.0,24286.15,0
2026-03-11 09:15:00,24262.7,24298.45,24214.65,24237.35,0
2026-03-11 09:30:00,24237.9,24238.25,24173.85,24187.65,0
2026-03-11 09:45:00,24188.95,24207.5,24145.45,24153.7,0
2026-03-11 10:00:00,24154.6,24161.7,24109.85,24116.5,0
2026-03-11 10:15:00,24117.1,24132.25,24104.55,24121.65,0
2026-03-11 10:30:00,24122.35,24141.95,24070.2,24074.1,0
2026-03-11 10:45:00,24074.0,24104.05,24049.4,24102.95,0
2026-03-11 11:00:00,24102.95,24114.1,24063.3,24071.4,0
2026-03-11 11:15:00,24073.75,24073.75,24010.15,24033.55,0
2026-03-11 11:30:00,24033.9,24034.35,23986.85,24013.95,0
2026-03-11 11:45:00,24014.45,24015.95,23972.35,23982.3,0
2026-03-11 12:00:00,23982.6,24023.85,23978.95,24011.6,0
2026-03-11 12:15:00,24012.55,24024.2,24002.5,24011.9,0
2026-03-11 12:30:00,24012.35,24023.65,23969.8,24010.95,0
2026-03-11 12:45:00,24011.85,24011.85,23971.15,23973.3,0
2026-03-11 13:00:00,23973.8,23993.75,23920.3,23929.65,0
2026-03-11 13:15:00,23930.7,23980.65,23914.2,23980.0,0
2026-03-11 13:30:00,23980.45,24005.35,23955.85,23957.95,0
2026-03-11 13:45:00,23958.45,23966.25,23938.7,23959.2,0
2026-03-11 14:00:00,23959.0,23960.9,23929.2,23939.95,0
2026-03-11 14:15:00,23940.95,23974.6,23892.2,23974.55,0
2026-03-11 14:30:00,23975.8,23977.05,23913.7,23921.3,0
2026-03-11 14:45:00,23921.55,23930.4,23872.05,23872.4,0
2026-03-11 15:00:00,23874.8,23913.1,23855.25,23861.9,0
2026-03-11 15:15:00,23864.2,23879.6,23837.05,23848.2,0
2026-03-12 09:15:00,23686.6,23686.6,23557.85,23603.35,0
2026-03-12 09:30:00,23600.45,23619.6,23569.4,23602.65,0
2026-03-12 09:45:00,23606.2,23696.3,23595.05,23693.8,0
2026-03-12 10:00:00,23695.4,23696.35,23605.35,23610.15,0
2026-03-12 10:15:00,23610.5,23681.55,23589.9,23666.65,0
2026-03-12 10:30:00,23666.35,23719.8,23632.35,23692.7,0
2026-03-12 10:45:00,23693.4,23741.6,23669.3,23740.9,0
2026-03-12 11:00:00,23741.6,23773.65,23733.95,23741.05,0
2026-03-12 11:15:00,23741.75,23756.65,23665.0,23703.3,0
2026-03-12 11:30:00,23704.2,23718.25,23676.6,23711.35,0
2026-03-12 11:45:00,23712.45,23742.2,23688.1,23739.85,0
2026-03-12 12:00:00,23739.45,23750.65,23710.5,23749.35,0
2026-03-12 12:15:00,23751.15,23759.2,23721.8,23744.1,0
2026-03-12 12:30:00,23744.4,23747.6,23702.3,23715.8,0
2026-03-12 12:45:00,23716.7,23731.25,23700.8,23717.0,0
2026-03-12 13:00:00,23717.85,23722.4,23656.4,23715.25,0
2026-03-12 13:15:00,23718.3,23767.95,23695.8,23764.3,0
2026-03-12 13:30:00,23765.25,23832.65,23764.7,23789.9,0
2026-03-12 13:45:00,23789.35,23801.25,23738.6,23738.6,0
2026-03-12 14:00:00,23740.55,23771.55,23701.95,23738.9,0
2026-03-12 14:15:00,23739.35,23758.15,23709.65,23711.8,0
2026-03-12 14:30:00,23713.5,23745.15,23667.6,23673.8,0
2026-03-12 14:45:00,23673.15,23684.1,23605.55,23639.45,0
2026-03-12 15:00:00,23641.1,23679.8,23609.95,23633.9,0
2026-03-12 15:15:00,23636.35,23652.15,23624.6,23639.35,0
2026-03-13 09:15:00,23472.8,23485.05,23416.05,23469.65,0
2026-03-13 09:30:00,23469.8,23491.9,23424.95,23425.5,0
2026-03-13 09:45:00,23426.55,23426.55,23344.75,23347.55,0
2026-03-13 10:00:00,23349.1,23369.95,23311.85,23329.8,0
2026-03-13 10:15:00,23330.95,23357.1,23306.5,23353.45,0
2026-03-13 10:30:00,23354.45,23360.0,23313.05,23324.55,0
2026-03-13 10:45:00,23325.2,23379.55,23309.3,23372.7,0
2026-03-13 11:00:00,23373.8,23374.7,23317.45,23321.65,0
2026-03-13 11:15:00,23323.55,23379.2,23309.65,23377.35,0
2026-03-13 11:30:00,23378.85,23414.9,23365.35,23407.9,0
2026-03-13 11:45:00,23409.35,23410.6,23360.5,23361.2,0
2026-03-13 12:00:00,23363.1,23365.45,23317.45,23336.15,0
2026-03-13 12:15:00,23338.9,23338.9,23266.5,23278.7,0
2026-03-13 12:30:00,23280.05,23281.5,23193.9,23212.4,0
2026-03-13 12:45:00,23214.0,23250.2,23210.2,23231.1,0
2026-03-13 13:00:00,23232.55,23239.55,23175.05,23175.7,0
2026-03-13 13:15:00,23178.35,23192.75,23138.15,23189.35,0
2026-03-13 13:30:00,23191.35,23202.65,23133.0,23157.15,0
2026-03-13 13:45:00,23159.1,23168.4,23113.3,23118.95,0
2026-03-13 14:00:00,23121.65,23205.5,23120.2,23201.85,0
2026-03-13 14:15:00,23203.65,23233.5,23182.75,23202.5,0
2026-03-13 14:30:00,23204.6,23258.6,23203.6,23224.8,0
2026-03-13 14:45:00,23228.7,23231.2,23144.55,23177.9,0
2026-03-13 15:00:00,23181.05,23190.55,23125.1,23162.55,0
2026-03-13 15:15:00,23161.45,23173.85,23138.5,23170.9,0
2026-03-16 09:15:00,23125.65,23240.85,23106.45,23157.75,0
2026-03-16 09:30:00,23159.5,23284.35,23158.2,23240.5,0
2026-03-16 09:45:00,23240.2,23276.95,23164.7,23167.55,0
2026-03-16 10:00:00,23168.8,23210.5,23143.25,23155.2,0
2026-03-16 10:15:00,23154.35,23154.35,23024.95,23024.95,0
2026-03-16 10:30:00,23026.5,23076.75,23025.95,23052.05,0
2026-03-16 10:45:00,23053.5,23064.25,22955.55,23032.25,0
2026-03-16 11:00:00,23032.95,23097.45,23012.95,23092.35,0
2026-03-16 11:15:00,23093.55,23199.45,23090.7,23172.2,0
2026-03-16 11:30:00,23172.75,23218.15,23148.35,23149.5,0
2026-03-16 11:45:00,23149.9,23172.0,23138.1,23144.95,0
2026-03-16 12:00:00,23144.4,23188.95,23144.4,23162.85,0
2026-03-16 12:15:00,23163.3,23196.45,23154.35,23179.4,0
2026-03-16 12:30:00,23178.65,23182.55,23114.5,23154.8,0
2026-03-16 12:45:00,23154.15,23154.6,23093.25,23132.4,0
2026-03-16 13:00:00,23132.75,23172.6,23086.35,23116.8,0
2026-03-16 13:15:00,23117.95,23168.95,23115.4,23124.5,0
2026-03-16 13:30:00,23123.75,23147.85,23100.7,23108.25,0
2026-03-16 13:45:00,23107.45,23142.55,23092.85,23130.8,0
2026-03-16 14:00:00,23130.45,23180.7,23116.0,23155.3,0
2026-03-16 14:15:00,23155.05,23369.5,23134.6,23347.85,0
2026-03-16 14:30:00,23352.85,23450.05,23337.65,23427.85,0
2026-03-16 14:45:00,23429.85,23502.0,23411.3,23454.05,0
2026-03-16 15:00:00,23455.3,23460.2,23388.75,23435.25,0
2026-03-16 15:15:00,23435.8,23436.05,23338.6,23355.6,0
2026-03-17 09:15:00,23493.2,23493.2,23347.4,23373.2,0
2026-03-17 09:30:00,23373.15,23462.9,23359.5,23452.9,0
2026-03-17 09:45:00,23453.15,23501.6,23431.7,23496.7,0
2026-03-17 10:00:00,23496.75,23536.85,23496.7,23526.0,0
2026-03-17 10:15:00,23525.85,23576.55,23500.2,23500.2,0
2026-03-17 10:30:00,23501.85,23510.65,23443.0,23483.75,0
2026-03-17 10:45:00,23483.9,23533.9,23475.5,23523.95,0
2026-03-17 11:00:00,23523.85,23528.15,23467.4,23470.55,0
2026-03-17 11:15:00,23471.45,23479.5,23375.95,23383.7,0
2026-03-17 11:30:00,23384.35,23409.9,23355.7,23390.65,0
2026-03-17 11:45:00,23390.45,23429.6,23376.05,23415.85,0
2026-03-17 12:00:00,23415.35,23450.05,23402.6,23435.3,0
2026-03-17 12:15:00,23435.15,23438.3,23381.55,23406.85,0
2026-03-17 12:30:00,23406.35,23457.25,23380.35,23451.0,0
2026-03-17 12:45:00,23450.9,23496.2,23449.3,23476.8,0
2026-03-17 13:00:00,23477.55,23533.5,23476.15,23531.6,0
2026-03-17 13:15:00,23532.95,23560.2,23524.85,23541.75,0
2026-03-17 13:30:00,23541.05,23591.4,23504.15,23530.45,0
2026-03-17 13:45:00,23530.75,23568.3,23530.75,23542.05,0
2026-03-17 14:00:00,23541.85,23608.9,23533.4,23600.45,0
2026-03-17 14:15:00,23600.0,23606.85,23526.85,23553.7,0
2026-03-17 14:30:00,23554.05,23614.7,23554.05,23587.4,0
2026-03-17 14:45:00,23587.1,23656.2,23567.55,23654.45,0
2026-03-17 15:00:00,23654.5,23655.2,23567.5,23607.5,0
2026-03-17 15:15:00,23607.05,23607.65,23546.55,23557.5,0
2026-03-18 09:15:00,23634.3,23738.45,23630.25,23715.3,0
2026-03-18 09:30:00,23714.8,23735.05,23700.1,23721.75,0
2026-03-18 09:45:00,23720.35,23754.35,23669.55,23691.25,0
2026-03-18 10:00:00,23691.15,23695.65,23640.7,23664.3,0
2026-03-18 10:15:00,23664.95,23737.85,23664.65,23722.95,0
2026-03-18 10:30:00,23721.65,23746.0,23713.45,23723.35,0
2026-03-18 10:45:00,23721.65,23777.9,23721.1,23770.6,0
2026-03-18 11:00:00,23770.8,23790.75,23764.15,23785.3,0
2026-03-18 11:15:00,23784.7,23805.8,23770.6,23799.6,0
2026-03-18 11:30:00,23798.75,23835.1,23783.1,23817.95,0
2026-03-18 11:45:00,23816.9,23822.5,23803.55,23806.3,0
2026-03-18 12:00:00,23806.65,23810.8,23772.15,23779.65,0
2026-03-18 12:15:00,23779.2,23788.8,23760.9,23767.0,0
2026-03-18 12:30:00,23767.15,23789.95,23762.4,23778.2,0
2026-03-18 12:45:00,23777.7,23794.5,23764.95,23775.9,0
2026-03-18 13:00:00,23775.15,23803.2,23766.4,23803.2,0
2026-03-18 13:15:00,23802.4,23836.65,23792.4,23824.35,0
2026-03-18 13:30:00,23823.85,23844.4,23816.0,23844.4,0
2026-03-18 13:45:00,23845.45,23858.75,23819.05,23833.65,0
2026-03-18 14:00:00,23832.5,23851.5,23809.6,23817.65,0
2026-03-18 14:15:00,23817.5,23861.8,23811.1,23835.25,0
2026-03-18 14:30:00,23836.45,23840.05,23779.7,23780.6,0
2026-03-18 14:45:00,23780.55,23808.35,23775.55,23801.8,0
2026-03-18 15:00:00,23801.65,23809.8,23766.9,23792.55,0
2026-03-18 15:15:00,23792.35,23792.9,23730.65,23764.1,0
2026-03-19 09:15:00,23209.1,23371.75,23209.1,23316.05,0
2026-03-19 09:30:00,23317.2,23325.6,23255.5,23271.0,0
2026-03-19 09:45:00,23269.6,23273.35,23226.75,23242.7,0
2026-03-19 10:00:00,23241.95,23269.95,23230.45,23236.65,0
2026-03-19 10:15:00,23234.75,23283.95,23204.05,23272.4,0
2026-03-19 10:30:00,23272.4,23317.8,23271.7,23311.7,0
2026-03-19 10:45:00,23312.6,23312.6,23258.3,23260.45,0
2026-03-19 11:00:00,23260.65,23264.65,23217.1,23220.95,0
2026-03-19 11:15:00,23221.35,23253.6,23207.55,23228.05,0
2026-03-19 11:30:00,23227.35,23253.85,23225.55,23241.65,0
2026-03-19 11:45:00,23241.6,23260.0,23236.2,23241.05,0
2026-03-19 12:00:00,23241.9,23268.75,23217.85,23265.5,0
2026-03-19 12:15:00,23265.5,23281.2,23238.95,23254.85,0
2026-03-19 12:30:00,23254.9,23264.7,23229.3,23235.65,0
2026-03-19 12:45:00,23234.85,23277.3,23233.8,23264.65,0
2026-03-19 13:00:00,23265.35,23265.6,23194.7,23200.25,0
2026-03-19 13:15:00,23200.35,23208.7,23172.55,23176.65,0
2026-03-19 13:30:00,23176.7,23217.85,23173.8,23199.15,0
2026-03-19 13:45:00,23198.55,23203.75,23156.9,23163.05,0
2026-03-19 14:00:00,23163.3,23171.8,23088.95,23111.3,0
2026-03-19 14:15:00,23111.55,23137.05,23096.9,23100.65,0
2026-03-19 14:30:00,23101.1,23127.55,23084.65,23110.7,0
2026-03-19 14:45:00,23110.55,23111.55,22947.7,22954.05,0
2026-03-19 15:00:00,22954.9,23019.1,22931.95,22987.25,0
2026-03-19 15:15:00,22987.55,23093.9,22977.65,23087.85,0
2026-03-20 09:15:00,23130.6,23303.05,23130.6,23286.8,0
2026-03-20 09:30:00,23287.05,23318.9,23228.95,23228.95,0
2026-03-20 09:45:00,23230.6,23266.7,23222.75,23259.0,0
2026-03-20 10:00:00,23260.2,23261.05,23220.7,23243.65,0
2026-03-20 10:15:00,23243.4,23261.3,23200.65,23260.6,0
2026-03-20 10:30:00,23261.75,23301.8,23252.6,23290.15,0
2026-03-20 10:45:00,23290.6,23317.9,23277.05,23296.6,0
2026-03-20 11:00:00,23298.65,23303.65,23264.15,23289.15,0
2026-03-20 11:15:00,23288.95,23344.9,23284.6,23317.3,0
2026-03-20 11:30:00,23317.9,23331.6,23285.8,23286.9,0
2026-03-20 11:45:00,23287.4,23292.85,23223.1,23250.3,0
2026-03-20 12:00:00,23251.25,23259.5,23210.9,23233.05,0
2026-03-20 12:15:00,23234.15,23234.15,23137.05,23155.15,0
2026-03-20 12:30:00,23155.65,23216.4,23120.35,23205.75,0
2026-03-20 12:45:00,23206.5,23249.7,23202.8,23214.8,0
2026-03-20 13:00:00,23214.9,23251.2,23202.6,23231.5,0
2026-03-20 13:15:00,23232.0,23271.1,23230.0,23257.7,0
2026-03-20 13:30:00,23258.45,23272.4,23231.95,23232.0,0
2026-03-20 13:45:00,23233.7,23234.0,23188.65,23193.45,0
2026-03-20 14:00:00,23195.0,23244.55,23185.25,23199.15,0
2026-03-20 14:15:00,23200.05,23205.75,23164.0,23164.0,0
2026-03-20 14:30:00,23164.05,23188.05,23098.25,23098.25,0
2026-03-20 14:45:00,23099.4,23113.4,23067.9,23090.5,0
2026-03-20 15:00:00,23091.3,23177.45,23078.6,23106.85,0
2026-03-20 15:15:00,23106.25,23139.8,23078.7,23134.65,0
2026-03-23 09:15:00,22837.2,22838.35,22637.8,22704.4,0
2026-03-23 09:30:00,22702.15,22742.8,22691.8,22706.4,0
2026-03-23 09:45:00,22706.1,22706.65,22593.85,22597.5,0
2026-03-23 10:00:00,22597.45,22633.05,22571.4,22572.3,0
2026-03-23 10:15:00,22571.95,22587.5,22530.9,22531.0,0
2026-03-23 10:30:00,22530.6,22581.5,22529.85,22548.1,0
2026-03-23 10:45:00,22548.2,22550.25,22510.7,22531.85,0
2026-03-23 11:00:00,22531.2,22583.65,22505.0,22554.15,0
2026-03-23 11:15:00,22554.6,22561.45,22528.0,22559.15,0
2026-03-23 11:30:00,22557.85,22571.6,22508.3,22520.15,0
2026-03-23 11:45:00,22518.0,22564.0,22518.0,22554.65,0
2026-03-23 12:00:00,22556.05,22562.35,22530.6,22535.35,0
2026-03-23 12:15:00,22534.25,22535.55,22478.7,22511.95,0
2026-03-23 12:30:00,22514.6,22551.5,22497.7,22535.65,0
2026-03-23 12:45:00,22534.7,22555.9,22481.7,22500.05,0
2026-03-23 13:00:00,22499.55,22508.25,22472.1,22489.1,0
2026-03-23 13:15:00,22489.7,22514.5,22482.85,22487.05,0
2026-03-23 13:30:00,22487.6,22567.35,22487.15,22561.7,0
2026-03-23 13:45:00,22558.95,22629.75,22557.6,22599.65,0
2026-03-23 14:00:00,22598.85,22661.15,22590.45,22618.7,0
2026-03-23 14:15:00,22619.65,22656.45,22591.95,22611.2,0
2026-03-23 14:30:00,22610.55,22617.4,22515.25,22599.1,0
2026-03-23 14:45:00,22596.95,22646.55,22579.05,22614.5,0
2026-03-23 15:00:00,22614.75,22614.75,22486.1,22509.25,0
2026-03-23 15:15:00,22509.55,22510.7,22478.1,22492.65,0
2026-03-24 09:15:00,22854.05,22897.65,22765.15,22839.9,0
2026-03-24 09:30:00,22839.6,22852.4,22732.3,22744.8,0
2026-03-24 09:45:00,22747.3,22773.65,22701.8,22754.2,0
2026-03-24 10:00:00,22753.9,22756.65,22682.3,22708.1,0
2026-03-24 10:15:00,22706.95,22766.8,22701.55,22737.9,0
2026-03-24 10:30:00,22738.2,22738.9,22624.9,22667.9,0
2026-03-24 10:45:00,22667.55,22723.5,22629.4,22639.7,0
2026-03-24 11:00:00,22639.8,22711.05,22639.8,22698.25,0
2026-03-24 11:15:00,22699.4,22746.0,22689.55,22728.5,0
2026-03-24 11:30:00,22729.35,22770.15,22724.5,22754.65,0
2026-03-24 11:45:00,22754.35,22827.8,22745.85,22806.9,0
2026-03-24 12:00:00,22806.75,22816.9,22760.0,22761.45,0
2026-03-24 12:15:00,22761.9,22935.55,22753.35,22844.45,0
2026-03-24 12:30:00,22844.15,22988.85,22843.4,22955.2,0
2026-03-24 12:45:00,22956.95,23025.2,22952.85,22974.4,0
2026-03-24 13:00:00,22974.6,22990.5,22911.35,22990.5,0
2026-03-24 13:15:00,22990.75,23025.65,22958.4,23021.95,0
2026-03-24 13:30:00,23021.2,23057.1,22999.85,23037.5,0
2026-03-24 13:45:00,23037.6,23047.9,22950.6,22976.2,0
2026-03-24 14:00:00,22975.25,22995.75,22954.25,22992.35,0
2026-03-24 14:15:00,22993.2,23037.9,22920.0,22945.6,0
2026-03-24 14:30:00,22945.1,22959.4,22882.65,22909.65,0
2026-03-24 14:45:00,22909.25,22927.15,22883.9,22916.35,0
2026-03-24 15:00:00,22914.6,22932.1,22875.35,22898.65,0
2026-03-24 15:15:00,22901.15,22961.7,22881.3,22958.4,0
2026-03-25 09:15:00,23067.75,23220.1,23067.75,23215.1,0
2026-03-25 09:30:00,23214.65,23277.35,23202.55,23270.9,0
2026-03-25 09:45:00,23272.95,23298.1,23262.05,23286.05,0
2026-03-25 10:00:00,23287.4,23310.1,23246.55,23305.55,0
2026-03-25 10:15:00,23306.6,23317.7,23283.35,23314.55,0
2026-03-25 10:30:00,23313.7,23369.05,23299.95,23366.65,0
2026-03-25 10:45:00,23366.25,23378.0,23354.35,23367.45,0
2026-03-25 11:00:00,23366.0,23433.55,23366.0,23432.55,0
2026-03-25 11:15:00,23432.3,23434.25,23377.3,23388.4,0
2026-03-25 11:30:00,23391.5,23406.8,23343.5,23361.35,0
2026-03-25 11:45:00,23361.3,23416.35,23359.4,23399.35,0
2026-03-25 12:00:00,23399.4,23442.0,23394.5,23440.35,0
2026-03-25 12:15:00,23439.95,23448.85,23417.85,23429.25,0
2026-03-25 12:30:00,23429.0,23465.25,23416.55,23447.55,0
2026-03-25 12:45:00,23447.85,23452.25,23372.35,23375.35,0
2026-03-25 13:00:00,23374.85,23420.5,23369.7,23392.6,0
2026-03-25 13:15:00,23392.2,23424.3,23371.55,23412.95,0
2026-03-25 13:30:00,23414.15,23439.25,23388.1,23432.55,0
2026-03-25 13:45:00,23432.95,23462.8,23419.0,23430.2,0
2026-03-25 14:00:00,23430.35,23460.3,23387.45,23390.75,0
2026-03-25 14:15:00,23390.3,23403.95,23314.35,23337.25,0
2026-03-25 14:30:00,23337.35,23368.05,23304.5,23357.35,0
2026-03-25 14:45:00,23357.1,23367.65,23318.5,23334.85,0
2026-03-25 15:00:00,23332.5,23357.45,23284.1,23300.65,0
2026-03-25 15:15:00,23302.95,23311.4,23273.95,23309.0,0
2026-03-27 09:15:00,23173.55,23173.55,23026.35,23057.55,0
2026-03-27 09:30:00,23056.8,23063.85,23001.6,23052.9,0
2026-03-27 09:45:00,23053.55,23054.6,22979.45,22991.4,0
2026-03-27 10:00:00,22992.25,23034.95,22977.55,22979.85,0
2026-03-27 10:15:00,22980.5,23014.05,22968.5,23005.75,0
2026-03-27 10:30:00,23006.75,23038.65,22987.0,22988.5,0
2026-03-27 10:45:00,22989.15,22989.4,22949.75,22973.3,0
2026-03-27 11:00:00,22973.5,23001.15,22967.1,22991.0,0
2026-03-27 11:15:00,22990.45,22992.7,22928.05,22935.2,0
2026-03-27 11:30:00,22934.5,22957.3,22929.3,22950.6,0
2026-03-27 11:45:00,22950.55,22961.8,22938.8,22946.65,0
2026-03-27 12:00:00,22946.65,22954.25,22917.7,22934.15,0
2026-03-27 12:15:00,22934.35,22964.25,22906.4,22961.55,0
2026-03-27 12:30:00,22962.3,22967.55,22930.65,22965.55,0
2026-03-27 12:45:00,22964.7,22973.2,22939.9,22944.6,0
2026-03-27 13:00:00,22945.65,22952.6,22920.0,22943.15,0
2026-03-27 13:15:00,22943.65,22992.95,22935.75,22936.4,0
2026-03-27 13:30:00,22936.4,22949.15,22909.3,22930.95,0
2026-03-27 13:45:00,22930.3,22945.3,22912.75,22924.05,0
2026-03-27 14:00:00,22922.85,22930.6,22884.95,22911.7,0
2026-03-27 14:15:00,22911.05,22917.1,22872.25,22885.6,0
2026-03-27 14:30:00,22885.15,22886.95,22832.2,22852.9,0
2026-03-27 14:45:00,22852.6,22869.2,22840.4,22846.55,0
2026-03-27 15:00:00,22845.0,22845.0,22811.9,22815.2,0
2026-03-27 15:15:00,22814.4,22838.25,22804.8,22835.5,0
2026-03-30 09:15:00,22574.7,22609.8,22472.95,22580.75,0
2026-03-30 09:30:00,22581.4,22713.3,22576.75,22659.25,0
2026-03-30 09:45:00,22659.55,22690.0,22596.95,22615.3,0
2026-03-30 10:00:00,22614.7,22665.5,22556.6,22596.75,0
2026-03-30 10:15:00,22595.9,22603.95,22534.75,22534.75,0
2026-03-30 10:30:00,22535.45,22554.6,22512.25,22514.55,0
2026-03-30 10:45:00,22513.3,22538.3,22478.35,22490.2,0
2026-03-30 11:00:00,22489.6,22509.3,22454.0,22478.55,0
2026-03-30 11:15:00,22479.25,22488.25,22465.8,22468.2,0
2026-03-30 11:30:00,22468.1,22535.8,22457.35,22486.65,0
2026-03-30 11:45:00,22485.7,22489.85,22453.15,22484.0,0
2026-03-30 12:00:00,22483.15,22594.5,22480.3,22567.1,0
2026-03-30 12:15:00,22566.9,22594.1,22502.85,22519.15,0
2026-03-30 12:30:00,22519.85,22579.3,22508.0,22557.05,0
2026-03-30 12:45:00,22557.35,22560.7,22484.05,22505.8,0
2026-03-30 13:00:00,22506.1,22511.4,22481.45,22499.2,0
2026-03-30 13:15:00,22498.55,22516.35,22456.55,22476.45,0
2026-03-30 13:30:00,22476.2,22502.1,22454.85,22462.05,0
2026-03-30 13:45:00,22461.15,22468.15,22420.15,22428.8,0
2026-03-30 14:00:00,22428.1,22487.2,22419.15,22420.5,0
2026-03-30 14:15:00,22420.2,22431.85,22376.35,22378.05,0
2026-03-30 14:30:00,22376.55,22410.6,22352.2,22366.8,0
2026-03-30 14:45:00,22365.6,22383.4,22338.3,22349.95,0
2026-03-30 15:00:00,22348.5,22348.5,22285.55,22335.6,0
2026-03-30 15:15:00,22335.45,22391.0,22325.15,22379.2,0
2026-04-01 09:15:00,22878.9,22930.15,22811.4,22929.75,0
2026-04-01 09:30:00,22928.55,22936.9,22824.15,22854.95,0
2026-04-01 09:45:00,22851.45,22932.1,22848.5,22893.15,0
2026-04-01 10:00:00,22892.9,22941.0,22862.55,22868.85,0
2026-04-01 10:15:00,22867.9,22879.45,22772.1,22796.5,0
2026-04-01 10:30:00,22797.1,22816.4,22778.35,22807.5,0
2026-04-01 10:45:00,22808.6,22820.25,22769.7,22770.75,0
2026-04-01 11:00:00,22771.35,22791.65,22738.6,22763.75,0
2026-04-01 11:15:00,22763.55,22800.65,22747.7,22790.1,0
2026-04-01 11:30:00,22788.85,22822.65,22786.45,22799.15,0
2026-04-01 11:45:00,22797.65,22798.65,22736.95,22775.9,0
2026-04-01 12:00:00,22774.1,22864.6,22774.1,22859.3,0
2026-04-01 12:15:00,22857.75,22864.2,22817.85,22832.8,0
2026-04-01 12:30:00,22831.0,22856.35,22816.55,22834.6,0
2026-04-01 12:45:00,22834.95,22881.1,22833.85,22862.05,0
2026-04-01 13:00:00,22862.1,22883.4,22842.7,22883.3,0
2026-04-01 13:15:00,22883.2,22897.95,22795.0,22807.95,0
2026-04-01 13:30:00,22808.35,22808.35,22649.75,22675.15,0
2026-04-01 13:45:00,22674.85,22725.9,22658.7,22703.65,0
2026-04-01 14:00:00,22703.75,22756.6,22688.2,22753.0,0
2026-04-01 14:15:00,22754.35,22756.8,22709.95,22733.4,0
2026-04-01 14:30:00,22734.55,22734.9,22641.4,22662.65,0
2026-04-01 14:45:00,22660.6,22685.35,22619.05,22647.8,0
2026-04-01 15:00:00,22651.25,22692.55,22651.25,22671.65,0
2026-04-01 15:15:00,22671.1,22706.3,22668.6,22703.15,0
2026-04-02 09:15:00,22383.4,22383.4,22209.5,22245.55,0
2026-04-02 09:30:00,22244.45,22290.75,22239.45,22262.55,0
2026-04-02 09:45:00,22264.45,22273.2,22205.85,22206.5,0
2026-04-02 10:00:00,22206.8,22236.65,22183.3,22234.35,0
2026-04-02 10:15:00,22234.5,22234.5,22188.95,22217.65,0
2026-04-02 10:30:00,22216.85,22236.2,22206.8,22221.4,0
2026-04-02 10:45:00,22221.2,22249.5,22189.45,22243.7,0
2026-04-02 11:00:00,22242.95,22250.2,22217.95,22227.65,0
2026-04-02 11:15:00,22225.85,22230.8,22202.75,22207.6,0
2026-04-02 11:30:00,22206.5,22239.2,22203.7,22225.5,0
2026-04-02 11:45:00,22223.15,22300.6,22223.1,22277.2,0
2026-04-02 12:00:00,22277.55,22288.75,22244.55,22267.0,0
2026-04-02 12:15:00,22267.85,22295.0,22231.25,22295.0,0
2026-04-02 12:30:00,22294.5,22368.1,22285.15,22361.85,0
2026-04-02 12:45:00,22363.05,22371.7,22323.55,22364.8,0
2026-04-02 13:00:00,22365.3,22405.2,22330.9,22369.85,0
2026-04-02 13:15:00,22368.5,22488.25,22360.3,22488.25,0
2026-04-02 13:30:00,22488.45,22543.3,22458.0,22535.65,0
2026-04-02 13:45:00,22537.8,22560.2,22493.8,22530.35,0
2026-04-02 14:00:00,22529.45,22628.25,22519.85,22627.25,0
2026-04-02 14:15:00,22625.85,22684.3,22618.4,22665.65,0
2026-04-02 14:30:00,22665.55,22706.0,22572.85,22584.6,0
2026-04-02 14:45:00,22584.4,22667.15,22569.15,22656.8,0
2026-04-02 15:00:00,22658.3,22761.45,22650.8,22760.4,0
2026-04-02 15:15:00,22761.95,22781.95,22673.6,22700.25,0
2026-04-06 09:15:00,22785.85,22785.85,22592.3,22609.05,0
2026-04-06 09:30:00,22604.85,22746.9,22596.5,22620.2,0
2026-04-06 09:45:00,22620.2,22636.35,22568.4,22569.3,0
2026-04-06 10:00:00,22569.1,22656.8,22562.85,22654.85,0
2026-04-06 10:15:00,22659.8,22679.7,22591.3,22634.45,0
2026-04-06 10:30:00,22634.05,22662.65,22598.85,22653.5,0
2026-04-06 10:45:00,22653.95,22669.2,22609.6,22635.85,0
2026-04-06 11:00:00,22635.6,22635.8,22543.4,22567.8,0
2026-04-06 11:15:00,22567.45,22635.65,22558.65,22629.3,0
2026-04-06 11:30:00,22629.15,22650.6,22595.9,22644.4,0
2026-04-06 11:45:00,22644.3,22707.8,22634.55,22676.4,0
2026-04-06 12:00:00,22678.05,22691.95,22659.4,22659.6,0
2026-04-06 12:15:00,22660.35,22731.1,22653.1,22713.4,0
2026-04-06 12:30:00,22713.55,22714.9,22644.45,22675.65,0
2026-04-06 12:45:00,22676.2,22803.7,22675.45,22802.45,0
2026-04-06 13:00:00,22804.1,22864.85,22758.45,22860.7,0
2026-04-06 13:15:00,22861.3,22898.65,22843.85,22860.2,0
2026-04-06 13:30:00,22863.65,22900.55,22843.5,22850.9,0
2026-04-06 13:45:00,22852.7,22887.4,22843.4,22862.8,0
2026-04-06 14:00:00,22862.45,22913.35,22861.75,22911.4,0
2026-04-06 14:15:00,22911.65,22928.75,22881.4,22895.45,0
2026-04-06 14:30:00,22896.65,22939.95,22895.9,22913.8,0
2026-04-06 14:45:00,22914.3,22930.3,22886.3,22917.15,0
2026-04-06 15:00:00,22917.05,22997.65,22912.45,22989.35,0
2026-04-06 15:15:00,22990.3,22991.2,22954.2,22959.45,0
2026-04-07 09:15:00,22834.8,22892.6,22720.45,22889.85,0
2026-04-07 09:30:00,22891.45,22900.65,22793.0,22801.8,0
2026-04-07 09:45:00,22803.25,22892.65,22803.25,22886.15,0
2026-04-07 10:00:00,22889.35,22928.35,22879.3,22920.0,0
2026-04-07 10:15:00,22921.8,22966.4,22915.85,22943.65,0
2026-04-07 10:30:00,22944.5,22965.25,22887.6,22958.85,0
2026-04-07 10:45:00,22960.3,22960.95,22834.65,22843.95,0
2026-04-07 11:00:00,22845.1,22886.7,22827.75,22862.5,0
2026-04-07 11:15:00,22866.05,22947.0,22852.15,22943.6,0
2026-04-07 11:30:00,22943.5,22960.25,22912.35,22921.25,0
2026-04-07 11:45:00,22922.4,22991.55,22903.8,22986.85,0
2026-04-07 12:00:00,22944.8,22950.5,22906.25,22942.55,0
2026-04-07 12:15:00,22939.95,22947.25,22905.7,22924.75,0
2026-04-07 12:30:00,22926.2,22951.9,22920.3,22946.05,0
2026-04-07 12:45:00,22947.2,22952.05,22912.5,22915.9,0
2026-04-07 13:00:00,22917.4,22956.05,22906.15,22938.85,0
2026-04-07 13:15:00,22941.65,22970.7,22933.75,22959.95,0
2026-04-07 13:30:00,22961.9,23062.35,22961.8,23056.05,0
2026-04-07 13:45:00,23057.5,23063.35,22960.05,22977.7,0
2026-04-07 14:00:00,22979.9,23022.65,22974.1,23011.95,0
2026-04-07 14:15:00,23014.55,23026.15,22982.15,23014.1,0
2026-04-07 14:30:00,23015.0,23049.95,22989.45,23028.6,0
2026-04-07 14:45:00,23031.4,23101.2,23020.7,23096.7,0
2026-04-07 15:00:00,23096.85,23133.25,23076.5,23109.25,0
2026-04-07 15:15:00,23109.4,23151.85,23106.1,23129.95,0
2026-04-08 09:15:00,23855.15,23928.1,23836.9,23877.75,0
2026-04-08 09:30:00,23877.85,23921.35,23875.9,23921.05,0
2026-04-08 09:45:00,23920.15,23959.75,23891.85,23897.4,0
2026-04-08 10:00:00,23896.9,23935.1,23878.6,23880.15,0
2026-04-08 10:15:00,23880.45,23915.25,23869.1,23908.75,0
2026-04-08 10:30:00,23909.85,23952.95,23904.05,23950.5,0
2026-04-08 10:45:00,23950.95,23984.05,23925.15,23982.5,0
2026-04-08 11:00:00,23982.15,24004.2,23981.3,23991.75,0
2026-04-08 11:15:00,23991.6,24014.0,23975.5,23981.9,0
2026-04-08 11:30:00,23982.75,23988.3,23947.1,23980.55,0
2026-04-08 11:45:00,23980.55,23998.6,23923.5,23931.0,0
2026-04-08 12:00:00,23931.2,23971.2,23920.15,23963.3,0
2026-04-08 12:15:00,23963.2,23973.95,23949.25,23949.25,0
2026-04-08 12:30:00,23950.1,23950.95,23902.25,23947.1,0
2026-04-08 12:45:00,23946.35,23979.8,23932.35,23977.65,0
2026-04-08 13:00:00,23978.8,23988.6,23948.8,23974.1,0
2026-04-08 13:15:00,23974.3,24001.6,23965.2,23999.45,0
2026-04-08 13:30:00,23999.15,24024.5,23975.5,23976.0,0
2026-04-08 13:45:00,23975.4,23990.05,23953.1,23985.7,0
2026-04-08 14:00:00,23985.5,23986.35,23944.0,23948.25,0
2026-04-08 14:15:00,23948.15,23988.8,23946.75,23978.95,0
2026-04-08 14:30:00,23979.55,24006.15,23971.9,23998.9,0
2026-04-08 14:45:00,23999.0,24017.6,23972.55,24002.2,0
2026-04-08 15:00:00,24002.65,24011.5,23955.75,23994.85,0
2026-04-08 15:15:00,23994.25,24018.25,23985.3,24010.6,0
2026-04-09 09:15:00,23908.65,23989.75,23816.45,23984.2,0
2026-04-09 09:30:00,23983.6,23986.1,23856.65,23861.15,0
2026-04-09 09:45:00,23863.9,23883.05,23771.2,23786.3,0
2026-04-09 10:00:00,23785.35,23853.15,23760.55,23839.0,0
2026-04-09 10:15:00,23839.05,23871.35,23820.2,23848.2,0
2026-04-09 10:30:00,23848.45,23872.2,23803.65,23807.9,0
2026-04-09 10:45:00,23807.95,23843.55,23807.95,23828.75,0
2026-04-09 11:00:00,23828.95,23869.5,23828.15,23855.75,0
2026-04-09 11:15:00,23855.6,23863.85,23814.2,23855.25,0
2026-04-09 11:30:00,23855.0,23875.5,23844.4,23864.8,0
2026-04-09 11:45:00,23864.8,23905.4,23849.4,23886.35,0
2026-04-09 12:00:00,23887.15,23907.3,23860.25,23881.25,0
2026-04-09 12:15:00,23881.05,23886.9,23854.85,23872.55,0
2026-04-09 12:30:00,23871.75,23885.35,23845.1,23852.3,0
2026-04-09 12:45:00,23853.3,23855.25,23801.6,23830.7,0
2026-04-09 13:00:00,23830.25,23842.6,23804.7,23815.4,0
2026-04-09 13:15:00,23815.85,23817.3,23767.8,23769.3,0
2026-04-09 13:30:00,23769.15,23798.95,23755.85,23760.15,0
2026-04-09 13:45:00,23759.85,23785.45,23740.8,23767.85,0
2026-04-09 14:00:00,23767.85,23800.0,23751.8,23753.2,0
2026-04-09 14:15:00,23753.45,23760.95,23710.4,23720.3,0
2026-04-09 14:30:00,23720.0,23744.9,23683.35,23729.75,0
2026-04-09 14:45:00,23728.8,23752.15,23720.5,23741.05,0
2026-04-09 15:00:00,23742.45,23806.8,23726.9,23793.35,0
2026-04-09 15:15:00,23792.95,23794.35,23758.95,23766.05,0
2026-04-10 09:15:00,23880.55,23978.2,23867.2,23936.9,0
2026-04-10 09:30:00,23937.35,23959.5,23921.85,23948.15,0
2026-04-10 09:45:00,23948.6,23998.25,23943.65,23988.05,0
2026-04-10 10:00:00,23988.45,24001.25,23916.3,23994.4,0
2026-04-10 10:15:00,23994.95,24035.6,23994.95,24009.1,0
2026-04-10 10:30:00,24010.0,24026.1,24001.0,24003.85,0
2026-04-10 10:45:00,24003.75,24009.05,23972.3,23998.85,0
2026-04-10 11:00:00,23999.7,24021.35,23993.95,24013.3,0
2026-04-10 11:15:00,24012.05,24015.35,23971.3,23972.55,0
2026-04-10 11:30:00,23972.15,24007.4,23970.05,23980.15,0
2026-04-10 11:45:00,23980.95,23996.0,23953.8,23994.15,0
2026-04-10 12:00:00,23994.7,24019.55,23984.95,24009.05,0
2026-04-10 12:15:00,24009.1,24032.6,23991.15,24009.6,0
2026-04-10 12:30:00,24009.35,24022.0,23995.3,24004.25,0
2026-04-10 12:45:00,24004.3,24018.95,23986.15,24004.55,0
2026-04-10 13:00:00,24004.9,24021.75,23999.35,24002.55,0
2026-04-10 13:15:00,24003.15,24010.75,23996.0,24007.05,0
2026-04-10 13:30:00,24007.5,24025.7,23999.15,24020.4,0
2026-04-10 13:45:00,24020.7,24044.55,24002.35,24040.95,0
2026-04-10 14:00:00,24041.2,24047.85,23998.45,24020.1,0
2026-04-10 14:15:00,24020.4,24021.8,23938.6,23964.75,0
2026-04-10 14:30:00,23965.35,23993.45,23947.25,23982.7,0
2026-04-10 14:45:00,23982.9,24006.15,23956.75,23993.55,0
2026-04-10 15:00:00,23994.2,24073.8,23994.2,24057.5,0
2026-04-10 15:15:00,24058.1,24063.45,24045.9,24051.8,0
2026-04-13 09:15:00,23619.05,23693.7,23556.15,23604.7,0
2026-04-13 09:30:00,23604.3,23644.0,23580.35,23633.5,0
2026-04-13 09:45:00,23634.3,23680.4,23612.45,23669.05,0
2026-04-13 10:00:00,23668.8,23682.65,23653.15,23660.05,0
2026-04-13 10:15:00,23655.5,23732.05,23634.05,23721.5,0
2026-04-13 10:30:00,23721.8,23738.25,23696.3,23723.55,0
2026-04-13 10:45:00,23723.2,23757.65,23721.85,23740.0,0
2026-04-13 11:00:00,23737.45,23752.3,23730.4,23743.7,0
2026-04-13 11:15:00,23743.75,23762.75,23731.1,23740.5,0
2026-04-13 11:30:00,23740.65,23772.1,23729.4,23756.15,0
2026-04-13 11:45:00,23756.75,23810.8,23754.6,23785.65,0
2026-04-13 12:00:00,23785.95,23816.1,23785.45,23814.6,0
2026-04-13 12:15:00,23814.7,23836.5,23796.0,23835.95,0
2026-04-13 12:30:00,23837.6,23847.1,23821.5,23841.35,0
2026-04-13 12:45:00,23842.15,23845.7,23780.9,23806.45,0
2026-04-13 13:00:00,23806.8,23822.4,23771.75,23820.65,0
2026-04-13 13:15:00,23821.25,23839.8,23805.25,23823.4,0
2026-04-13 13:30:00,23824.55,23856.5,23822.9,23835.45,0
2026-04-13 13:45:00,23835.85,23905.65,23831.9,23893.7,0
2026-04-13 14:00:00,23893.05,23897.3,23835.2,23854.5,0
2026-04-13 14:15:00,23854.75,23881.65,23834.6,23866.05,0
2026-04-13 14:30:00,23865.45,23897.45,23855.75,23866.35,0
2026-04-13 14:45:00,23866.05,23897.4,23854.6,23883.7,0
2026-04-13 15:00:00,23884.95,23888.2,23822.25,23845.4,0
2026-04-13 15:15:00,23843.65,23847.0,23814.65,23818.9,0
2026-04-15 09:15:00,24166.1,24266.7,24166.1,24192.45,0
2026-04-15 09:30:00,24193.5,24215.95,24146.7,24207.35,0
2026-04-15 09:45:00,24207.05,24225.2,24186.7,24216.0,0
2026-04-15 10:00:00,24216.8,24253.35,24214.05,24241.65,0
2026-04-15 10:15:00,24241.55,24272.55,24241.55,24260.1,0
2026-04-15 10:30:00,24260.4,24273.15,24235.45,24243.1,0
2026-04-15 10:45:00,24242.5,24255.75,24208.8,24216.1,0
2026-04-15 11:00:00,24216.35,24216.5,24177.6,24184.25,0
2026-04-15 11:15:00,24184.5,24207.5,24174.5,24188.05,0
2026-04-15 11:30:00,24188.1,24211.05,24184.65,24210.35,0
2026-04-15 11:45:00,24210.6,24226.25,24202.15,24217.1,0
2026-04-15 12:00:00,24217.75,24234.95,24217.45,24226.85,0
2026-04-15 12:15:00,24227.0,24235.65,24200.4,24219.75,0
2026-04-15 12:30:00,24219.8,24236.65,24213.05,24228.05,0
2026-04-15 12:45:00,24228.75,24234.85,24203.95,24207.85,0
2026-04-15 13:00:00,24207.5,24222.75,24200.2,24220.55,0
2026-04-15 13:15:00,24220.65,24238.55,24187.75,24196.95,0
2026-04-15 13:30:00,24196.9,24223.3,24191.25,24215.75,0
2026-04-15 13:45:00,24215.9,24225.2,24194.35,24221.25,0
2026-04-15 14:00:00,24221.8,24238.1,24219.5,24226.6,0
2026-04-15 14:15:00,24227.05,24242.25,24214.4,24233.35,0
2026-04-15 14:30:00,24232.9,24237.9,24220.15,24233.15,0
2026-04-15 14:45:00,24233.0,24264.2,24232.35,24261.25,0
2026-04-15 15:00:00,24262.2,24265.75,24223.95,24227.85,0
2026-04-15 15:15:00,24228.7,24230.35,24206.5,24211.9,0
2026-04-16 09:15:00,24380.25,24400.1,24337.7,24385.85,0
2026-04-16 09:30:00,24385.65,24396.05,24301.75,24301.95,0
2026-04-16 09:45:00,24302.75,24337.05,24271.15,24271.55,0
2026-04-16 10:00:00,24271.65,24319.85,24266.5,24307.6,0
2026-04-16 10:15:00,24306.15,24328.8,24292.5,24300.75,0
2026-04-16 10:30:00,24301.05,24325.85,24292.45,24307.65,0
2026-04-16 10:45:00,24307.45,24327.9,24302.15,24309.55,0
2026-04-16 11:00:00,24309.3,24333.2,24303.65,24313.9,0
2026-04-16 11:15:00,24313.2,24328.95,24282.75,24299.15,0
2026-04-16 11:30:00,24300.25,24304.25,24253.7,24254.7,0
2026-04-16 11:45:00,24254.3,24254.3,24195.15,24197.2,0
2026-04-16 12:00:00,24196.3,24197.8,24153.55,24184.8,0
2026-04-16 12:15:00,24182.95,24189.7,24152.7,24162.95,0
2026-04-16 12:30:00,24162.95,24169.75,24132.2,24139.05,0
2026-04-16 12:45:00,24140.8,24157.1,24117.2,24144.55,0
2026-04-16 13:00:00,24144.5,24160.2,24108.1,24122.3,0
2026-04-16 13:15:00,24122.6,24142.45,24103.1,24116.05,0
2026-04-16 13:30:00,24116.1,24140.1,24115.3,24137.75,0
2026-04-16 13:45:00,24137.85,24190.5,24137.45,24183.2,0
2026-04-16 14:00:00,24181.9,24183.95,24132.45,24166.7,0
2026-04-16 14:15:00,24166.7,24186.9,24153.75,24186.6,0
2026-04-16 14:30:00,24186.5,24234.55,24186.5,24219.65,0
2026-04-16 14:45:00,24219.5,24245.0,24214.6,24230.05,0
2026-04-16 15:00:00,24229.45,24238.3,24163.45,24183.9,0
2026-04-16 15:15:00,24184.25,24203.25,24177.8,24188.4,0
2026-04-17 09:15:00,24173.6,24234.15,24109.45,24233.35,0
2026-04-17 09:30:00,24232.6,24234.75,24166.9,24191.35,0
2026-04-17 09:45:00,24192.75,24237.75,24190.0,24232.1,0
2026-04-17 10:00:00,24231.4,24279.4,24205.4,24272.95,0
2026-04-17 10:15:00,24273.45,24303.85,24273.45,24285.85,0
2026-04-17 10:30:00,24285.9,24296.3,24244.05,24260.4,0
2026-04-17 10:45:00,24260.45,24270.0,24252.8,24254.95,0
2026-04-17 11:00:00,24255.7,24275.15,24237.75,24265.1,0
2026-04-17 11:15:00,24264.65,24282.15,24264.65,24275.25,0
2026-04-17 11:30:00,24275.8,24302.6,24273.5,24294.9,0
2026-04-17 11:45:00,24295.6,24322.25,24269.65,24271.45,0
2026-04-17 12:00:00,24271.65,24292.55,24253.15,24285.6,0
2026-04-17 12:15:00,24286.2,24293.7,24280.7,24284.0,0
2026-04-17 12:30:00,24283.95,24285.05,24260.25,24267.0,0
2026-04-17 12:45:00,24267.15,24277.95,24259.9,24266.1,0
2026-04-17 13:00:00,24267.0,24292.95,24264.85,24285.05,0
2026-04-17 13:15:00,24284.3,24289.35,24265.4,24289.35,0
2026-04-17 13:30:00,24289.5,24312.8,24287.45,24301.9,0
2026-04-17 13:45:00,24301.6,24309.1,24294.05,24303.3,0
2026-04-17 14:00:00,24303.65,24317.75,24300.85,24306.85,0
2026-04-17 14:15:00,24307.5,24326.55,24305.1,24307.1,0
2026-04-17 14:30:00,24307.4,24342.7,24304.75,24340.45,0
2026-04-17 14:45:00,24339.85,24356.55,24338.0,24349.85,0
2026-04-17 15:00:00,24349.6,24357.9,24320.1,24354.55,0
2026-04-17 15:15:00,24353.65,24370.25,24348.1,24366.9,0
2026-04-20 15:00:00,24392.95,24394.05,24381.0,24381.8,0
2026-04-20 15:15:00,24382.25,24383.2,24318.0,24330.9,0
2026-04-21 09:15:00,24374.55,24485.6,24357.15,24450.5,0
2026-04-21 09:30:00,24449.15,24477.65,24442.45,24466.6,0
2026-04-21 09:45:00,24466.6,24512.05,24465.95,24499.25,0
2026-04-21 10:00:00,24499.95,24524.65,24498.3,24513.15,0
2026-04-21 10:15:00,24513.45,24524.65,24487.5,24495.4,0
2026-04-21 10:30:00,24493.6,24534.95,24491.2,24529.1,0
2026-04-21 10:45:00,24528.05,24560.65,24517.65,24549.1,0
2026-04-21 11:00:00,24549.25,24564.5,24540.0,24557.45,0
2026-04-21 11:15:00,24556.45,24557.1,24529.95,24539.15,0
2026-04-21 11:30:00,24539.2,24539.2,24513.65,24528.25,0
2026-04-21 11:45:00,24528.0,24543.95,24521.8,24531.3,0
2026-04-21 12:00:00,24531.65,24568.25,24527.2,24559.05,0
2026-04-21 12:15:00,24559.0,24569.65,24545.6,24548.75,0
2026-04-21 12:30:00,24547.2,24571.05,24545.85,24552.75,0
2026-04-21 12:45:00,24552.55,24553.9,24527.7,24536.95,0
2026-04-21 13:00:00,24537.9,24546.1,24525.35,24540.4,0
2026-04-21 13:15:00,24540.7,24555.8,24536.25,24552.65,0
2026-04-21 13:30:00,24552.35,24569.8,24523.5,24531.25,0
2026-04-21 13:45:00,24533.5,24563.8,24526.6,24555.2,0
2026-04-21 14:00:00,24554.6,24556.75,24522.6,24537.4,0
2026-04-21 14:15:00,24537.2,24584.35,24535.7,24573.1,0
2026-04-21 14:30:00,24572.6,24574.45,24526.05,24536.65,0
2026-04-21 14:45:00,24535.45,24572.85,24534.9,24568.35,0
2026-04-21 15:00:00,24568.2,24600.15,24548.9,24573.0,0
2026-04-21 15:15:00,24573.9,24600.85,24567.4,24581.05,0
2026-04-22 09:15:00,24463.75,24515.75,24437.75,24440.4,0
2026-04-22 09:30:00,24439.45,24466.45,24420.9,24424.4,0
2026-04-22 09:45:00,24424.8,24433.55,24382.1,24382.25,0
2026-04-22 10:00:00,24382.9,24390.5,24354.15,24373.15,0
2026-04-22 10:15:00,24372.9,24385.55,24353.7,24373.05,0
2026-04-22 10:30:00,24372.3,24418.2,24367.2,24416.35,0
2026-04-22 10:45:00,24416.25,24447.8,24409.05,24439.9,0
2026-04-22 11:00:00,24440.2,24441.2,24412.3,24428.15,0
2026-04-22 11:15:00,24427.95,24449.7,24424.25,24435.45,0
2026-04-22 11:30:00,24435.95,24448.7,24417.05,24417.2,0
2026-04-22 11:45:00,24416.8,24428.25,24390.55,24426.9,0
2026-04-22 12:00:00,24426.85,24436.35,24409.75,24419.15,0
2026-04-22 12:15:00,24418.65,24422.75,24400.15,24409.9,0
2026-04-22 12:30:00,24410.2,24422.15,24395.5,24418.45,0
2026-04-22 12:45:00,24419.2,24433.4,24403.55,24429.75,0
2026-04-22 13:00:00,24431.8,24437.7,24417.8,24431.25,0
2026-04-22 13:15:00,24429.75,24433.15,24385.45,24415.6,0
2026-04-22 13:30:00,24415.9,24433.55,24409.0,24431.9,0
2026-04-22 13:45:00,24431.5,24453.05,24415.1,24449.55,0
2026-04-22 14:00:00,24449.85,24458.25,24405.9,24415.0,0
2026-04-22 14:15:00,24416.45,24418.1,24390.7,24405.6,0
2026-04-22 14:30:00,24405.65,24430.0,24402.8,24413.15,0
2026-04-22 14:45:00,24412.75,24430.25,24408.5,24425.75,0
2026-04-22 15:00:00,24423.15,24423.15,24374.15,24382.4,0
2026-04-22 15:15:00,24382.05,24392.65,24356.7,24367.65,0
2026-04-23 09:15:00,24208.15,24232.25,24138.85,24230.45,0
2026-04-23 09:30:00,24230.5,24255.9,24193.5,24242.65,0
2026-04-23 09:45:00,24244.7,24298.45,24233.9,24287.5,0
2026-04-23 10:00:00,24288.0,24309.9,24266.05,24275.35,0
2026-04-23 10:15:00,24276.8,24291.65,24260.6,24261.3,0
2026-04-23 10:30:00,24263.5,24265.4,24217.65,24220.0,0
2026-04-23 10:45:00,24221.3,24222.7,24185.2,24215.35,0
2026-04-23 11:00:00,24216.0,24225.65,24191.1,24191.85,0
2026-04-23 11:15:00,24193.2,24210.35,24186.75,24197.75,0
2026-04-23 11:30:00,24198.15,24203.95,24177.65,24178.15,0
2026-04-23 11:45:00,24179.0,24218.1,24172.85,24206.1,0
2026-04-23 12:00:00,24208.05,24225.9,24195.95,24222.5,0
2026-04-23 12:15:00,24222.95,24231.5,24179.35,24180.1,0
2026-04-23 12:30:00,24182.6,24203.0,24167.1,24201.65,0
2026-04-23 12:45:00,24202.6,24217.05,24186.5,24214.7,0
2026-04-23 13:00:00,24215.85,24218.5,24200.75,24216.2,0
2026-04-23 13:15:00,24217.25,24281.1,24208.2,24271.45,0
2026-04-23 13:30:00,24271.75,24272.45,24204.3,24213.7,0
2026-04-23 13:45:00,24214.95,24252.75,24207.75,24241.5,0
2026-04-23 14:00:00,24242.1,24242.75,24207.65,24209.2,0
2026-04-23 14:15:00,24209.1,24221.4,24189.2,24189.45,0
2026-04-23 14:30:00,24190.95,24190.95,24160.65,24162.6,0
2026-04-23 14:45:00,24163.75,24194.05,24157.95,24180.85,0
2026-04-23 15:00:00,24181.8,24216.7,24159.0,24160.0,0
2026-04-23 15:15:00,24161.3,24175.1,24149.8,24156.05,0
2026-04-24 09:15:00,24109.55,24203.35,24056.8,24058.1,0
2026-04-24 09:30:00,24058.05,24061.6,23984.0,23984.25,0
2026-04-24 09:45:00,23985.4,23987.15,23944.85,23955.0,0
2026-04-24 10:00:00,23954.9,24003.35,23954.5,23992.85,0
2026-04-24 10:15:00,23992.25,23992.25,23937.4,23957.7,0
2026-04-24 10:30:00,23956.2,23971.2,23932.8,23933.65,0
2026-04-24 10:45:00,23933.4,23944.85,23915.5,23925.4,0
2026-04-24 11:00:00,23925.55,23943.8,23910.05,23916.2,0
2026-04-24 11:15:00,23915.1,23942.75,23904.25,23931.3,0
2026-04-24 11:30:00,23930.4,23949.3,23922.65,23927.05,0
2026-04-24 11:45:00,23926.3,23926.65,23894.55,23898.25,0
2026-04-24 12:00:00,23897.75,23933.05,23894.15,23930.65,0
2026-04-24 12:15:00,23930.8,23936.5,23878.9,23881.8,0
2026-04-24 12:30:00,23881.85,23910.7,23880.3,23882.1,0
2026-04-24 12:45:00,23881.1,23919.05,23881.1,23904.35,0
2026-04-24 13:00:00,23904.3,23905.5,23851.25,23865.5,0
2026-04-24 13:15:00,23865.6,23880.05,23855.9,23878.3,0
2026-04-24 13:30:00,23878.4,23878.55,23826.4,23830.4,0
2026-04-24 13:45:00,23829.6,23858.55,23829.6,23846.3,0
2026-04-24 14:00:00,23847.6,23849.95,23815.35,23841.65,0
2026-04-24 14:15:00,23841.45,23890.35,23840.15,23888.55,0
2026-04-24 14:30:00,23887.75,23926.9,23885.95,23926.0,0
2026-04-24 14:45:00,23925.45,23930.5,23905.05,23920.9,0
2026-04-24 15:00:00,23920.65,23920.65,23863.3,23895.45,0
2026-04-24 15:15:00,23895.25,23924.2,23894.5,23903.95,0
2026-04-27 09:15:00,23965.35,24066.45,23952.0,24042.0,0
2026-04-27 09:30:00,24045.05,24057.7,23998.3,24045.4,0
2026-04-27 09:45:00,24043.45,24107.35,24043.45,24099.05,0
2026-04-27 10:00:00,24098.75,24102.65,24061.7,24063.3,0
2026-04-27 10:15:00,24063.9,24103.15,24045.4,24058.3,0
2026-04-27 10:30:00,24058.1,24061.2,24013.0,24043.45,0
2026-04-27 10:45:00,24041.6,24088.95,24025.75,24072.2,0
2026-04-27 11:00:00,24071.95,24076.6,24026.85,24056.9,0
2026-04-27 11:15:00,24055.45,24077.5,24029.7,24030.95,0
2026-04-27 11:30:00,24031.65,24039.85,23974.4,23998.65,0
2026-04-27 11:45:00,23998.45,24039.9,23984.3,24037.2,0
2026-04-27 12:00:00,24036.2,24045.15,24022.8,24040.5,0
2026-04-27 12:15:00,24039.85,24066.1,24031.2,24059.0,0
2026-04-27 12:30:00,24057.75,24092.85,24056.95,24075.7,0
2026-04-27 12:45:00,24074.75,24084.0,24065.45,24071.5,0
2026-04-27 13:00:00,24071.7,24100.0,24069.4,24099.75,0
2026-04-27 13:15:00,24100.2,24120.2,24093.3,24107.5,0
2026-04-27 13:30:00,24107.8,24126.8,24099.4,24116.25,0
2026-04-27 13:45:00,24114.75,24129.3,24102.45,24114.25,0
2026-04-27 14:00:00,24113.35,24124.55,24105.65,24122.2,0
2026-04-27 14:15:00,24122.1,24124.0,24102.2,24111.2,0
2026-04-27 14:30:00,24109.9,24112.5,24078.9,24110.65,0
2026-04-27 14:45:00,24110.05,24130.3,24097.8,24121.95,0
2026-04-27 15:00:00,24118.2,24119.45,24088.95,24094.3,0
2026-04-27 15:15:00,24095.15,24112.75,24077.85,24110.2,0
2026-04-28 09:15:00,24044.9,24133.15,24001.35,24115.35,0
2026-04-28 09:30:00,24116.2,24133.2,24090.4,24128.3,0
2026-04-28 09:45:00,24130.8,24156.35,24112.95,24155.3,0
2026-04-28 10:00:00,24154.35,24167.9,24145.05,24148.3,0
2026-04-28 10:15:00,24148.4,24181.75,24144.5,24166.8,0
2026-04-28 10:30:00,24168.2,24171.95,24124.25,24134.85,0
2026-04-28 10:45:00,24135.6,24174.65,24134.35,24167.8,0
2026-04-28 11:00:00,24169.85,24169.85,24132.6,24148.0,0
2026-04-28 11:15:00,24148.15,24148.95,24057.9,24058.0,0
2026-04-28 11:30:00,24057.85,24086.75,24045.35,24085.4,0
2026-04-28 11:45:00,24086.45,24093.8,24055.6,24056.0,0
2026-04-28 12:00:00,24058.1,24058.6,24029.3,24048.25,0
2026-04-28 12:15:00,24046.85,24057.45,24003.85,24012.45,0
2026-04-28 12:30:00,24011.9,24031.0,23992.55,24029.85,0
2026-04-28 12:45:00,24030.8,24040.45,24006.0,24007.35,0
2026-04-28 13:00:00,24007.9,24034.0,23999.7,24017.6,0
2026-04-28 13:15:00,24018.7,24049.0,24018.05,24019.45,0
2026-04-28 13:30:00,24021.05,24022.05,23961.6,24002.65,0
2026-04-28 13:45:00,24003.05,24029.85,23985.75,24010.55,0
2026-04-28 14:00:00,24011.6,24011.75,23981.95,23981.95,0
2026-04-28 14:15:00,23983.2,24013.45,23972.95,23997.4,0
2026-04-28 14:30:00,23998.95,24036.6,23998.45,24032.2,0
2026-04-28 14:45:00,24032.0,24046.45,24019.1,24039.15,0
2026-04-28 15:00:00,24039.85,24042.45,23968.65,23972.45,0
2026-04-28 15:15:00,23972.75,24016.5,23958.05,24016.5,0
2026-04-29 09:15:00,24103.0,24122.4,24060.65,24111.55,0
2026-04-29 09:30:00,24110.45,24144.4,24087.35,24141.35,0
2026-04-29 09:45:00,24142.65,24180.1,24141.8,24173.2,0
2026-04-29 10:00:00,24174.6,24235.85,24174.6,24233.8,0
2026-04-29 10:15:00,24235.2,24294.5,24234.65,24290.15,0
2026-04-29 10:30:00,24290.4,24291.7,24263.1,24267.45,0
2026-04-29 10:45:00,24268.4,24290.65,24254.8,24287.1,0
2026-04-29 11:00:00,24288.25,24298.85,24273.1,24288.15,0
2026-04-29 11:15:00,24289.9,24295.35,24260.0,24263.25,0
2026-04-29 11:30:00,24266.1,24286.4,24263.5,24271.85,0
2026-04-29 11:45:00,24273.3,24277.85,24263.65,24276.95,0
2026-04-29 12:00:00,24278.2,24311.15,24267.55,24293.15,0
2026-04-29 12:15:00,24295.1,24316.15,24293.2,24307.1,0
2026-04-29 12:30:00,24309.35,24331.65,24305.5,24321.6,0
2026-04-29 12:45:00,24323.15,24329.7,24314.6,24316.85,0
2026-04-29 13:00:00,24318.95,24334.2,24311.5,24318.2,0
2026-04-29 13:15:00,24319.7,24325.85,24304.6,24305.2,0
2026-04-29 13:30:00,24307.25,24317.0,24267.5,24272.55,0
2026-04-29 13:45:00,24273.65,24283.3,24254.95,24254.95,0
2026-04-29 14:00:00,24256.2,24259.85,24197.45,24214.6,0
2026-04-29 14:15:00,24215.6,24217.5,24184.95,24186.7,0
2026-04-29 14:30:00,24188.45,24229.25,24182.1,24229.15,0
2026-04-29 14:45:00,24230.7,24230.7,24183.9,24185.45,0
2026-04-29 15:00:00,24187.35,24209.8,24168.65,24170.15,0
2026-04-29 15:15:00,24170.0,24171.4,24142.95,24163.6,0
2026-04-30 09:15:00,24005.7,24005.7,23873.4,23876.95,0
2026-04-30 09:30:00,23874.1,23939.6,23865.25,23937.8,0
2026-04-30 09:45:00,23938.3,23956.45,23875.35,23880.2,0
2026-04-30 10:00:00,23880.0,23880.0,23824.9,23828.6,0
2026-04-30 10:15:00,23828.7,23845.75,23800.85,23827.6,0
2026-04-30 10:30:00,23827.1,23857.3,23821.35,23843.7,0
2026-04-30 10:45:00,23842.5,23844.3,23799.55,23815.85,0
2026-04-30 11:00:00,23816.4,23833.1,23798.9,23799.9,0
2026-04-30 11:15:00,23800.9,23835.15,23797.05,23831.65,0
2026-04-30 11:30:00,23831.1,23853.15,23821.7,23835.65,0
2026-04-30 11:45:00,23835.05,23848.95,23826.3,23842.55,0
2026-04-30 12:00:00,23842.45,23899.75,23830.35,23899.75,0
2026-04-30 12:15:00,23899.05,23919.6,23873.3,23911.45,0
2026-04-30 12:30:00,23912.0,23918.35,23892.25,23912.95,0
2026-04-30 12:45:00,23912.65,23943.45,23912.55,23936.85,0
2026-04-30 13:00:00,23935.75,23956.3,23908.05,23950.15,0
2026-04-30 13:15:00,23948.85,23982.45,23938.35,23971.15,0
2026-04-30 13:30:00,23970.55,24031.3,23962.6,24029.8,0
2026-04-30 13:45:00,24029.05,24060.75,24011.6,24055.05,0
2026-04-30 14:00:00,24054.9,24057.6,24015.5,24022.85,0
2026-04-30 14:15:00,24021.5,24032.8,23984.45,24007.15,0
2026-04-30 14:30:00,24006.15,24086.95,24004.8,24075.1,0
2026-04-30 14:45:00,24074.75,24081.25,24013.0,24050.2,0
2026-04-30 15:00:00,24051.95,24051.95,23962.95,23991.3,0
2026-04-30 15:15:00,23992.1,24051.8,23984.65,24043.7,0
2026-05-04 09:15:00,24096.2,24245.85,24096.2,24214.55,0
2026-05-04 09:30:00,24215.6,24289.2,24181.05,24276.65,0
2026-05-04 09:45:00,24279.25,24283.8,24225.25,24246.2,0
2026-05-04 10:00:00,24247.25,24259.75,24172.45,24175.2,0
2026-05-04 10:15:00,24175.3,24196.85,24142.8,24196.65,0
2026-05-04 10:30:00,24197.5,24223.35,24172.2,24219.15,0
2026-05-04 10:45:00,24219.3,24240.65,24186.2,24187.25,0
2026-05-04 11:00:00,24188.3,24227.8,24175.65,24227.25,0
2026-05-04 11:15:00,24227.5,24242.25,24224.1,24237.4,0
2026-05-04 11:30:00,24237.3,24242.8,24218.55,24228.45,0
2026-05-04 11:45:00,24229.0,24249.15,24212.9,24221.05,0
2026-05-04 12:00:00,24222.5,24229.9,24115.8,24117.0,0
2026-05-04 12:15:00,24117.35,24154.1,24106.5,24132.8,0
2026-05-04 12:30:00,24132.65,24134.65,24098.55,24100.55,0
2026-05-04 12:45:00,24100.95,24119.05,24083.6,24103.8,0
2026-05-04 13:00:00,24104.2,24121.35,24090.55,24109.1,0
2026-05-04 13:15:00,24109.05,24111.75,24024.9,24025.25,0
2026-05-04 13:30:00,24023.35,24090.65,24005.3,24086.8,0
2026-05-04 13:45:00,24087.0,24108.9,24050.4,24072.25,0
2026-05-04 14:00:00,24072.25,24111.6,24053.8,24103.75,0
2026-05-04 14:15:00,24105.0,24149.7,24102.7,24122.7,0
2026-05-04 14:30:00,24123.75,24131.95,24072.15,24096.0,0
2026-05-04 14:45:00,24096.15,24111.5,24071.0,24089.25,0
2026-05-04 15:00:00,24091.0,24135.05,24074.95,24123.25,0
2026-05-04 15:15:00,24125.05,24135.45,24110.2,24123.8,0
2026-05-05 09:15:00,24049.55,24070.1,23949.75,23992.05,0
2026-05-05 09:30:00,23990.6,24060.55,23988.1,24013.75,0
2026-05-05 09:45:00,24013.55,24055.45,24005.85,24043.05,0
2026-05-05 10:00:00,24042.55,24053.9,23978.5,23986.0,0
2026-05-05 10:15:00,23986.1,23994.45,23945.2,23954.4,0
2026-05-05 10:30:00,23952.2,23966.8,23922.9,23937.95,0
2026-05-05 10:45:00,23937.25,23950.3,23916.15,23925.95,0
2026-05-05 11:00:00,23925.15,23952.75,23915.25,23939.0,0
2026-05-05 11:15:00,23937.8,23961.55,23924.35,23935.15,0
2026-05-05 11:30:00,23935.3,23966.75,23916.05,23916.05,0
2026-05-05 11:45:00,23915.4,23919.2,23883.5,23888.95,0
2026-05-05 12:00:00,23888.15,23949.3,23888.15,23946.45,0
2026-05-05 12:15:00,23945.95,23977.95,23940.85,23943.2,0
2026-05-05 12:30:00,23943.9,23974.45,23933.8,23952.85,0
2026-05-05 12:45:00,23952.55,24014.25,23952.55,24011.9,0
2026-05-05 13:00:00,24012.6,24079.0,24010.65,24068.8,0
2026-05-05 13:15:00,24067.35,24080.95,24030.6,24039.95,0
2026-05-05 13:30:00,24041.4,24056.7,24016.65,24050.45,0
2026-05-05 13:45:00,24051.15,24062.15,24020.5,24038.1,0
2026-05-05 14:00:00,24035.85,24047.8,24002.15,24016.8,0
2026-05-05 14:15:00,24017.2,24061.0,24013.1,24058.3,0
2026-05-05 14:30:00,24059.3,24060.65,24019.4,24042.1,0
2026-05-05 14:45:00,24041.55,24045.8,23999.6,24010.8,0
2026-05-05 15:00:00,24011.9,24043.85,23997.85,24041.65,0
2026-05-05 15:15:00,24044.0,24059.7,24037.05,24052.15,0
2026-05-06 09:15:00,24179.6,24245.3,24157.8,24171.6,0
2026-05-06 09:30:00,24174.6,24185.25,24132.35,24138.45,0
2026-05-06 09:45:00,24139.85,24165.85,24122.35,24140.3,0
2026-05-06 10:00:00,24140.6,24141.6,24096.5,24137.3,0
2026-05-06 10:15:00,24137.0,24155.4,24121.75,24136.4,0
2026-05-06 10:30:00,24135.5,24150.15,24111.9,24142.85,0
2026-05-06 10:45:00,24142.75,24143.15,24091.35,24095.75,0
2026-05-06 11:00:00,24095.95,24104.65,24073.55,24089.3,0
2026-05-06 11:15:00,24089.15,24112.5,24081.55,24112.5,0
2026-05-06 11:30:00,24111.95,24117.35,24069.7,24096.8,0
2026-05-06 11:45:00,24097.1,24114.15,24090.6,24097.35,0
2026-05-06 12:00:00,24097.2,24099.75,24075.35,24082.8,0
2026-05-06 12:15:00,24081.75,24081.75,24030.5,24054.65,0
2026-05-06 12:30:00,24054.15,24055.5,24020.1,24022.3,0
2026-05-06 12:45:00,24022.0,24025.35,23999.0,24023.1,0
2026-05-06 13:00:00,24022.65,24044.15,23999.65,24040.65,0
2026-05-06 13:15:00,24039.9,24085.8,24036.3,24075.35,0
2026-05-06 13:30:00,24076.6,24109.95,24074.65,24100.9,0
2026-05-06 13:45:00,24099.25,24120.25,24094.15,24106.95,0
2026-05-06 14:00:00,24106.8,24133.35,24096.4,24133.35,0
2026-05-06 14:15:00,24134.05,24330.85,24133.4,24311.65,0
2026-05-06 14:30:00,24314.7,24336.5,24277.9,24334.35,0
2026-05-06 14:45:00,24334.65,24355.55,24320.8,24348.25,0
2026-05-06 15:00:00,24349.0,24353.8,24313.85,24321.35,0
2026-05-06 15:15:00,24321.75,24346.6,24317.05,24339.3,0
2026-05-07 09:15:00,24398.5,24418.9,24300.7,24334.15,0
2026-05-07 09:30:00,24334.8,24402.15,24320.15,24397.35,0
2026-05-07 09:45:00,24396.9,24401.4,24325.65,24342.95,0
2026-05-07 10:00:00,24343.0,24378.7,24310.0,24323.65,0
2026-05-07 10:15:00,24324.65,24368.9,24321.6,24360.3,0
2026-05-07 10:30:00,24360.3,24375.55,24352.85,24373.45,0
2026-05-07 10:45:00,24372.5,24379.05,24332.45,24340.85,0
2026-05-07 11:00:00,24341.0,24343.75,24310.05,24317.75,0
2026-05-07 11:15:00,24328.55,24332.25,24289.8,24306.45,0
2026-05-07 11:30:00,24306.95,24349.8,24288.4,24288.5,0
2026-05-07 11:45:00,24287.8,24346.85,24284.65,24340.55,0
2026-05-07 12:00:00,24339.7,24369.9,24339.7,24361.55,0
2026-05-07 12:15:00,24362.45,24383.65,24355.15,24355.15,0
2026-05-07 12:30:00,24355.25,24481.95,24329.7,24463.15,0
2026-05-07 12:45:00,24462.85,24471.6,24377.7,24388.25,0
2026-05-07 13:00:00,24387.65,24420.55,24376.9,24389.7,0
2026-05-07 13:15:00,24388.65,24399.5,24324.55,24353.35,0
2026-05-07 13:30:00,24353.55,24364.2,24331.65,24349.75,0
2026-05-07 13:45:00,24348.6,24374.8,24337.9,24368.65,0
2026-05-07 14:00:00,24368.05,24375.65,24337.1,24361.65,0
2026-05-07 14:15:00,24361.25,24381.1,24333.35,24376.9,0
2026-05-07 14:30:00,24376.5,24385.3,24334.1,24339.45,0
2026-05-07 14:45:00,24339.55,24362.7,24323.05,24352.65,0
2026-05-07 15:00:00,24353.1,24363.1,24293.4,24303.1,0
2026-05-07 15:15:00,24303.25,24339.05,24299.4,24336.4,0
2026-05-08 09:15:00,24237.2,24253.45,24158.45,24244.15,0
2026-05-08 09:30:00,24244.3,24244.95,24167.75,24167.75,0
2026-05-08 09:45:00,24169.05,24199.65,24138.95,24198.45,0
2026-05-08 10:00:00,24199.15,24213.7,24175.1,24211.3,0
2026-05-08 10:15:00,24213.8,24243.95,24181.25,24238.05,0
2026-05-08 10:30:00,24238.85,24242.55,24226.35,24232.25,0
2026-05-08 10:45:00,24233.65,24239.85,24195.95,24195.95,0
2026-05-08 11:00:00,24197.8,24237.05,24193.85,24233.0,0
2026-05-08 11:15:00,24234.8,24241.65,24195.95,24198.35,0
2026-05-08 11:30:00,24199.9,24212.95,24185.6,24199.45,0
2026-05-08 11:45:00,24200.6,24209.8,24190.2,24205.85,0
2026-05-08 12:00:00,24206.0,24212.0,24172.2,24184.2,0
2026-05-08 12:15:00,24185.2,24198.45,24170.05,24196.1,0
2026-05-08 12:30:00,24195.25,24196.6,24164.1,24164.3,0
2026-05-08 12:45:00,24166.0,24175.7,24150.95,24163.4,0
2026-05-08 13:00:00,24165.55,24178.05,24157.4,24167.0,0
2026-05-08 13:15:00,24169.55,24198.4,24156.9,24195.45,0
2026-05-08 13:30:00,24196.65,24202.65,24166.5,24170.95,0
2026-05-08 13:45:00,24173.35,24181.25,24129.15,24137.2,0
2026-05-08 14:00:00,24139.15,24179.5,24127.7,24145.85,0
2026-05-08 14:15:00,24147.35,24170.75,24141.75,24169.65,0
2026-05-08 14:30:00,24171.0,24235.85,24168.55,24231.7,0
2026-05-08 14:45:00,24233.55,24240.25,24206.6,24213.65,0
2026-05-08 15:00:00,24215.1,24215.1,24168.35,24180.85,0
2026-05-08 15:15:00,24180.6,24196.9,24163.5,24179.8,0
2026-05-11 09:15:00,23943.2,23975.8,23896.35,23953.25,0
2026-05-11 09:30:00,23952.2,23959.55,23864.45,23865.7,0
2026-05-11 09:45:00,23866.15,23899.95,23864.35,23874.25,0
2026-05-11 10:00:00,23874.6,23903.7,23873.25,23893.4,0
2026-05-11 10:15:00,23894.75,23896.25,23845.45,23869.2,0
2026-05-11 10:30:00,23868.45,23874.8,23847.45,23860.1,0
2026-05-11 10:45:00,23859.95,23892.5,23850.85,23886.95,0
2026-05-11 11:00:00,23887.0,23922.55,23878.55,23914.6,0
2026-05-11 11:15:00,23914.6,23942.95,23910.4,23927.8,0
2026-05-11 11:30:00,23928.2,23952.7,23907.25,23949.4,0
2026-05-11 11:45:00,23949.55,23956.9,23920.35,23930.9,0
2026-05-11 12:00:00,23931.25,23943.95,23920.3,23935.55,0
2026-05-11 12:15:00,23935.2,23945.05,23926.65,23929.05,0
2026-05-11 12:30:00,23928.9,23954.95,23902.45,23950.35,0
2026-05-11 12:45:00,23949.7,23954.65,23932.0,23945.55,0
2026-05-11 13:00:00,23945.4,23949.8,23905.05,23949.8,0
2026-05-11 13:15:00,23949.9,23953.3,23934.5,23946.35,0
2026-05-11 13:30:00,23946.1,23986.85,23943.35,23965.45,0
2026-05-11 13:45:00,23966.55,23997.0,23965.7,23966.45,0
2026-05-11 14:00:00,23966.45,23973.5,23943.1,23946.3,0
2026-05-11 14:15:00,23945.25,23954.1,23922.15,23931.9,0
2026-05-11 14:30:00,23931.95,23957.85,23904.2,23916.35,0
2026-05-11 14:45:00,23916.6,23924.35,23875.9,23875.9,0
2026-05-11 15:00:00,23878.55,23879.7,23801.55,23805.75,0
2026-05-11 15:15:00,23806.2,23820.35,23801.25,23820.35,0
2026-05-12 09:15:00,23722.6,23754.15,23633.8,23638.3,0
2026-05-12 09:30:00,23638.95,23657.85,23617.75,23640.65,0
2026-05-12 09:45:00,23640.75,23652.2,23624.55,23625.85,0
2026-05-12 10:00:00,23627.0,23655.4,23614.0,23651.4,0
2026-05-12 10:15:00,23652.05,23675.2,23605.8,23613.25,0
2026-05-12 10:30:00,23613.55,23638.65,23596.45,23627.55,0
2026-05-12 10:45:00,23628.05,23629.6,23599.3,23614.7,0
2026-05-12 11:00:00,23615.1,23615.65,23578.7,23589.35,0
2026-05-12 11:15:00,23589.6,23613.4,23585.85,23588.9,0
2026-05-12 11:30:00,23589.5,23607.65,23578.65,23602.7,0
2026-05-12 11:45:00,23603.95,23612.85,23584.35,23597.5,0
2026-05-12 12:00:00,23598.45,23599.55,23551.6,23557.8,0
2026-05-12 12:15:00,23559.5,23580.05,23554.7,23557.3,0
2026-05-12 12:30:00,23557.8,23558.95,23508.6,23526.15,0
2026-05-12 12:45:00,23527.25,23540.1,23513.3,23524.55,0
2026-05-12 13:00:00,23525.15,23536.8,23506.35,23536.8,0
2026-05-12 13:15:00,23538.05,23564.05,23524.25,23531.05,0
2026-05-12 13:30:00,23532.45,23550.2,23496.6,23506.8,0
2026-05-12 13:45:00,23510.05,23530.85,23489.5,23491.5,0
2026-05-12 14:00:00,23492.8,23496.9,23448.0,23457.5,0
2026-05-12 14:15:00,23458.75,23492.7,23452.1,23468.6,0
2026-05-12 14:30:00,23469.35,23472.25,23434.45,23463.6,0
2026-05-12 14:45:00,23464.9,23474.6,23414.0,23421.25,0
2026-05-12 15:00:00,23422.5,23423.65,23349.1,23354.8,0
2026-05-12 15:15:00,23356.0,23434.85,23355.6,23430.55,0
2026-05-13 09:15:00,23365.8,23503.15,23365.8,23367.05,0
2026-05-13 09:30:00,23367.7,23387.65,23263.05,23308.5,0
2026-05-13 09:45:00,23308.9,23389.7,23287.1,23372.45,0
2026-05-13 10:00:00,23371.15,23426.25,23354.15,23403.05,0
2026-05-13 10:15:00,23403.2,23477.8,23398.45,23452.45,0
2026-05-13 10:30:00,23452.25,23478.6,23423.6,23464.0,0
2026-05-13 10:45:00,23464.05,23472.45,23374.8,23374.8,0
2026-05-13 11:00:00,23374.8,23409.25,23368.05,23403.95,0
2026-05-13 11:15:00,23403.8,23416.45,23392.75,23399.0,0
2026-05-13 11:30:00,23399.85,23498.85,23395.7,23498.6,0
2026-05-13 11:45:00,23499.0,23509.7,23466.0,23466.85,0
2026-05-13 12:00:00,23465.45,23513.85,23465.45,23512.75,0
2026-05-13 12:15:00,23511.95,23518.0,23479.05,23491.0,0
2026-05-13 12:30:00,23489.5,23497.05,23423.3,23453.9,0
2026-05-13 12:45:00,23453.55,23579.4,23449.65,23577.95,0
2026-05-13 13:00:00,23578.1,23582.8,23528.3,23538.5,0
2026-05-13 13:15:00,23538.0,23538.95,23490.55,23496.75,0
2026-05-13 13:30:00,23492.05,23540.5,23492.05,23523.35,0
2026-05-13 13:45:00,23522.05,23535.0,23480.25,23499.8,0
2026-05-13 14:00:00,23499.85,23525.0,23481.8,23516.8,0
2026-05-13 14:15:00,23516.5,23522.4,23469.8,23491.35,0
2026-05-13 14:30:00,23491.05,23504.4,23465.2,23467.5,0
2026-05-13 14:45:00,23468.2,23490.85,23446.65,23479.2,0
2026-05-13 15:00:00,23476.75,23478.7,23402.85,23425.7,0
2026-05-13 15:15:00,23425.4,23436.95,23394.35,23428.7,0
2026-05-14 09:15:00,23531.45,23589.2,23516.2,23581.3,0
2026-05-14 09:30:00,23581.35,23586.2,23494.1,23496.8,0
2026-05-14 09:45:00,23499.0,23532.95,23447.5,23464.45,0
2026-05-14 10:00:00,23466.1,23496.35,23455.45,23495.8,0
2026-05-14 10:15:00,23496.8,23517.5,23473.25,23506.4,0
2026-05-14 10:30:00,23507.65,23537.5,23496.8,23497.25,0
2026-05-14 10:45:00,23495.6,23495.6,23426.85,23430.45,0
2026-05-14 11:00:00,23432.9,23461.35,23427.85,23459.15,0
2026-05-14 11:15:00,23459.85,23577.8,23459.0,23567.4,0
2026-05-14 11:30:00,23568.5,23669.15,23566.6,23668.6,0
2026-05-14 11:45:00,23670.7,23702.15,23645.05,23684.6,0
2026-05-14 12:00:00,23685.55,23685.55,23636.45,23667.4,0
2026-05-14 12:15:00,23667.95,23708.1,23667.2,23692.65,0
2026-05-14 12:30:00,23695.2,23702.9,23667.45,23701.7,0
2026-05-14 12:45:00,23703.35,23712.75,23675.8,23689.0,0
2026-05-14 13:00:00,23690.2,23747.15,23689.3,23713.55,0
2026-05-14 13:15:00,23715.25,23732.85,23709.65,23715.15,0
2026-05-14 13:30:00,23718.1,23760.25,23709.3,23752.55,0
2026-05-14 13:45:00,23753.8,23763.4,23725.95,23751.35,0
2026-05-14 14:00:00,23751.85,23768.6,23740.0,23744.55,0
2026-05-14 14:15:00,23746.45,23757.8,23719.8,23755.35,0
2026-05-14 14:30:00,23756.1,23776.65,23722.3,23730.1,0
2026-05-14 14:45:00,23729.85,23733.0,23688.25,23710.15,0
2026-05-14 15:00:00,23711.65,23713.25,23670.2,23683.8,0
2026-05-14 15:15:00,23683.35,23719.55,23668.15,23713.75,0
2026-05-15 09:15:00,23731.4,23796.45,23663.85,23789.3,0
2026-05-15 09:30:00,23787.9,23802.75,23734.1,23801.85,0
2026-05-15 09:45:00,23802.1,23836.4,23791.5,23818.4,0
2026-05-15 10:00:00,23817.95,23821.35,23781.25,23800.1,0
2026-05-15 10:15:00,23800.25,23834.15,23788.75,23828.85,0
2026-05-15 10:30:00,23828.15,23829.25,23800.95,23817.4,0
2026-05-15 10:45:00,23817.05,23838.95,23816.9,23829.5,0
2026-05-15 11:00:00,23829.55,23830.75,23732.25,23744.1,0
2026-05-15 11:15:00,23743.55,23751.7,23712.4,23712.4,0
2026-05-15 11:30:00,23712.7,23730.25,23677.65,23721.7,0
2026-05-15 11:45:00,23721.75,23735.3,23713.7,23725.55,0
2026-05-15 12:00:00,23725.55,23769.5,23718.75,23751.1,0
2026-05-15 12:15:00,23751.15,23755.3,23718.7,23720.1,0
2026-05-15 12:30:00,23720.5,23769.7,23715.55,23767.35,0
2026-05-15 12:45:00,23767.5,23797.5,23766.05,23784.75,0
2026-05-15 13:00:00,23784.65,23787.35,23766.65,23780.05,0
2026-05-15 13:15:00,23780.65,23787.8,23765.7,23777.0,0
2026-05-15 13:30:00,23776.1,23779.6,23728.0,23738.65,0
2026-05-15 13:45:00,23739.2,23750.65,23699.55,23713.55,0
2026-05-15 14:00:00,23713.55,23722.25,23693.7,23722.15,0
2026-05-15 14:15:00,23722.35,23726.65,23685.3,23694.25,0
2026-05-15 14:30:00,23695.7,23705.3,23676.6,23690.45,0
2026-05-15 14:45:00,23690.75,23692.25,23610.8,23646.85,0
2026-05-15 15:00:00,23646.1,23678.35,23633.8,23643.65,0
2026-05-15 15:15:00,23644.1,23660.75,23616.5,23657.9,0
2026-05-18 09:15:00,23482.2,23485.8,23363.3,23373.1,0
2026-05-18 09:30:00,23373.15,23394.95,23347.35,23371.05,0
2026-05-18 09:45:00,23370.75,23372.2,23317.55,23341.15,0
2026-05-18 10:00:00,23340.8,23366.5,23339.5,23362.4,0
2026-05-18 10:15:00,23362.3,23389.45,23353.9,23379.85,0
2026-05-18 10:30:00,23379.75,23439.7,23355.55,23417.2,0
2026-05-18 10:45:00,23417.8,23465.95,23389.6,23465.1,0
2026-05-18 11:00:00,23464.9,23477.75,23452.6,23470.1,0
2026-05-18 11:15:00,23470.2,23519.6,23465.85,23495.8,0
2026-05-18 11:30:00,23505.0,23562.45,23494.4,23534.25,0
2026-05-18 11:45:00,23536.5,23538.25,23473.7,23474.7,0
2026-05-18 12:00:00,23474.75,23522.75,23468.35,23516.05,0
2026-05-18 12:15:00,23529.75,23558.15,23518.45,23553.45,0
2026-05-18 12:30:00,23553.5,23609.85,23553.5,23584.75,0
2026-05-18 12:45:00,23585.0,23637.4,23572.65,23636.9,0
2026-05-18 13:00:00,23637.15,23661.35,23592.25,23615.9,0
2026-05-18 13:15:00,23615.5,23634.25,23596.45,23618.95,0
2026-05-18 13:30:00,23618.35,23633.5,23599.15,23622.4,0
2026-05-18 13:45:00,23622.05,23659.4,23604.05,23640.9,0
2026-05-18 14:00:00,23641.25,23652.0,23606.7,23624.85,0
2026-05-18 14:15:00,23609.75,23624.9,23583.85,23614.35,0
2026-05-18 14:30:00,23613.5,23624.25,23582.0,23602.95,0
2026-05-18 14:45:00,23603.35,23607.9,23581.95,23591.5,0
2026-05-18 15:00:00,23591.0,23695.4,23590.25,23634.6,0
2026-05-18 15:15:00,23634.25,23658.4,23619.3,23644.45,0
2026-05-19 09:15:00,23675.3,23765.15,23675.3,23757.2,0
2026-05-19 09:30:00,23756.9,23768.45,23647.9,23749.6,0
2026-05-19 09:45:00,23749.2,23751.7,23677.6,23677.6,0
2026-05-19 10:00:00,23678.15,23762.9,23678.15,23754.25,0
2026-05-19 10:15:00,23753.45,23762.6,23724.0,23751.05,0
2026-05-19 10:30:00,23751.05,23765.15,23734.2,23764.4,0
2026-05-19 10:45:00,23764.75,23782.2,23724.9,23771.65,0
2026-05-19 11:00:00,23771.95,23774.95,23718.1,23720.1,0
2026-05-19 11:15:00,23720.55,23728.35,23695.35,23727.65,0
2026-05-19 11:30:00,23727.85,23754.75,23704.85,23749.6,0
2026-05-19 11:45:00,23750.05,23772.75,23745.7,23754.95,0
2026-05-19 12:00:00,23754.65,23755.6,23733.75,23743.0,0
2026-05-19 12:15:00,23743.05,23755.5,23724.25,23752.55,0
2026-05-19 12:30:00,23752.4,23753.75,23722.15,23738.1,0
2026-05-19 12:45:00,23738.05,23743.2,23719.3,23723.7,0
2026-05-19 13:00:00,23723.9,23735.75,23706.1,23709.2,0
2026-05-19 13:15:00,23708.35,23738.85,23701.45,23724.6,0
2026-05-19 13:30:00,23724.85,23743.3,23685.85,23696.6,0
2026-05-19 13:45:00,23696.85,23716.0,23674.0,23689.45,0
2026-05-19 14:00:00,23689.1,23725.35,23684.55,23717.5,0
2026-05-19 14:15:00,23717.35,23736.55,23699.7,23703.1,0
2026-05-19 14:30:00,23703.15,23705.3,23649.0,23657.9,0
2026-05-19 14:45:00,23657.2,23666.9,23632.75,23655.75,0
2026-05-19 15:00:00,23655.15,23659.3,23609.7,23624.55,0
2026-05-19 15:15:00,23624.4,23629.2,23587.25,23606.15,0
2026-05-20 09:15:00,23457.25,23480.9,23403.75,23477.55,0
2026-05-20 09:30:00,23476.95,23536.4,23473.5,23524.25,0
2026-05-20 09:45:00,23523.25,23548.5,23511.95,23541.9,0
2026-05-20 10:00:00,23541.8,23546.65,23486.1,23500.2,0
2026-05-20 10:15:00,23500.55,23519.9,23475.65,23519.9,0
2026-05-20 10:30:00,23519.9,23576.05,23519.9,23532.75,0
2026-05-20 10:45:00,23532.7,23549.35,23503.65,23546.25,0
2026-05-20 11:00:00,23546.4,23582.25,23546.4,23562.4,0
2026-05-20 11:15:00,23562.2,23602.2,23558.3,23599.1,0
2026-05-20 11:30:00,23599.85,23618.05,23588.5,23605.0,0
2026-05-20 11:45:00,23605.05,23640.0,23604.9,23608.75,0
2026-05-20 12:00:00,23608.15,23613.65,23577.0,23579.95,0
2026-05-20 12:15:00,23579.95,23608.45,23579.5,23588.25,0
2026-05-20 12:30:00,23588.0,23606.45,23583.05,23603.9,0
2026-05-20 12:45:00,23602.8,23615.4,23598.7,23612.65,0
2026-05-20 13:00:00,23612.75,23617.05,23588.75,23601.0,0
2026-05-20 13:15:00,23601.4,23603.95,23561.85,23566.8,0
2026-05-20 13:30:00,23567.1,23620.9,23565.8,23595.1,0
2026-05-20 13:45:00,23595.85,23626.9,23588.55,23626.9,0
2026-05-20 14:00:00,23628.15,23664.3,23623.25,23651.85,0
2026-05-20 14:15:00,23651.95,23678.85,23641.95,23665.9,0
2026-05-20 14:30:00,23665.35,23681.55,23652.6,23676.65,0
2026-05-20 14:45:00,23677.6,23690.75,23673.65,23679.8,0
2026-05-20 15:00:00,23679.15,23680.75,23639.6,23667.75,0
2026-05-20 15:15:00,23667.9,23672.35,23651.4,23664.35,0
2026-05-21 09:15:00,23830.05,23859.15,23750.9,23757.35,0
2026-05-21 09:30:00,23758.1,23794.2,23728.2,23792.6,0
2026-05-21 09:45:00,23793.15,23812.0,23767.9,23771.35,0
2026-05-21 10:00:00,23768.35,23790.1,23752.95,23767.5,0
2026-05-21 10:15:00,23767.45,23790.55,23765.35,23780.05,0
2026-05-21 10:30:00,23780.0,23790.0,23729.4,23763.75,0
2026-05-21 10:45:00,23764.8,23774.2,23719.0,23723.8,0
2026-05-21 11:00:00,23723.75,23726.15,23695.55,23697.55,0
2026-05-21 11:15:00,23697.05,23746.45,23640.05,23742.95,0
2026-05-21 11:30:00,23742.55,23744.4,23721.7,23730.45,0
2026-05-21 11:45:00,23731.15,23744.8,23711.65,23716.05,0
2026-05-21 12:00:00,23717.7,23742.25,23704.8,23705.7,0
2026-05-21 12:15:00,23705.05,23718.9,23649.5,23663.6,0
2026-05-21 12:30:00,23663.8,23673.95,23607.45,23639.8,0
2026-05-21 12:45:00,23640.1,23646.85,23613.85,23624.35,0
2026-05-21 13:00:00,23624.2,23653.95,23596.85,23640.55,0
2026-05-21 13:15:00,23640.7,23651.1,23630.65,23631.7,0
2026-05-21 13:30:00,23631.6,23687.5,23622.75,23681.3,0
2026-05-21 13:45:00,23681.35,23691.8,23640.3,23673.3,0
2026-05-21 14:00:00,23673.35,23674.05,23638.1,23651.6,0
2026-05-21 14:15:00,23652.15,23678.35,23638.4,23652.5,0
2026-05-21 14:30:00,23652.4,23705.4,23650.4,23671.85,0
2026-05-21 14:45:00,23671.85,23696.6,23669.5,23679.3,0
2026-05-21 15:00:00,23679.55,23691.3,23637.05,23639.2,0
2026-05-21 15:15:00,23639.1,23652.45,23631.1,23648.8,0
2026-05-22 09:15:00,23676.5,23756.25,23675.35,23738.6,0
2026-05-22 09:30:00,23738.6,23778.6,23729.55,23752.95,0
2026-05-22 09:45:00,23753.3,23788.7,23739.2,23779.65,0
2026-05-22 10:00:00,23778.6,23799.85,23759.4,23791.7,0
2026-05-22 10:15:00,23791.65,23795.4,23759.65,23761.45,0
2026-05-22 10:30:00,23761.35,23795.15,23761.35,23792.7,0
2026-05-22 10:45:00,23793.0,23797.85,23775.1,23780.75,0
2026-05-22 11:00:00,23781.2,23782.55,23765.95,23771.6,0
2026-05-22 11:15:00,23772.45,23789.3,23750.7,23758.9,0
2026-05-22 11:30:00,23758.2,23808.9,23750.05,23808.25,0
2026-05-22 11:45:00,23807.7,23828.25,23800.7,23804.85,0
2026-05-22 12:00:00,23804.9,23808.35,23789.8,23798.6,0
2026-05-22 12:15:00,23798.4,23802.45,23771.45,23774.75,0
2026-05-22 12:30:00,23774.85,23798.5,23758.85,23792.6,0
2026-05-22 12:45:00,23792.95,23835.6,23789.25,23827.45,0
2026-05-22 13:00:00,23828.25,23833.25,23812.95,23819.1,0
2026-05-22 13:15:00,23819.3,23822.65,23803.6,23809.4,0
2026-05-22 13:30:00,23809.1,23818.2,23800.8,23801.25,0
2026-05-22 13:45:00,23801.2,23822.7,23782.5,23792.15,0
2026-05-22 14:00:00,23792.2,23795.6,23744.8,23778.2,0
2026-05-22 14:15:00,23778.25,23781.7,23739.1,23739.3,0
2026-05-22 14:30:00,23739.4,23752.5,23707.45,23709.05,0
2026-05-22 14:45:00,23709.45,23733.65,23706.9,23724.45,0
2026-05-22 15:00:00,23724.65,23727.6,23698.95,23718.15,0
2026-05-22 15:15:00,23717.7,23751.9,23717.7,23748.85,0
2026-05-25 09:15:00,23928.25,23988.05,23928.25,23981.6,0
2026-05-25 09:30:00,23981.95,23984.3,23927.75,23947.5,0
2026-05-25 09:45:00,23951.45,23951.45,23924.4,23937.15,0
2026-05-25 10:00:00,23938.75,23959.85,23933.45,23952.05,0
2026-05-25 10:15:00,23953.85,23980.95,23952.6,23958.55,0
2026-05-25 10:30:00,23960.9,23992.35,23959.2,23987.4,0
2026-05-25 10:45:00,23989.0,23995.55,23972.65,23978.15,0
2026-05-25 11:00:00,23979.55,23989.9,23970.65,23987.6,0
2026-05-25 11:15:00,23989.0,23989.0,23971.1,23977.15,0
2026-05-25 11:30:00,23978.45,23990.45,23959.9,23980.95,0
2026-05-25 11:45:00,23982.15,23992.7,23978.15,23986.6,0
2026-05-25 12:00:00,23988.15,23988.15,23960.1,23963.9,0
2026-05-25 12:15:00,23965.75,23968.7,23955.9,23956.5,0
2026-05-25 12:30:00,23957.85,23967.65,23952.6,23958.55,0
2026-05-25 12:45:00,23960.05,23960.6,23935.6,23954.4,0
2026-05-25 13:00:00,23955.55,23983.6,23947.3,23977.2,0
2026-05-25 13:15:00,23979.1,23986.25,23975.15,23984.1,0
2026-05-25 13:30:00,23986.55,23991.0,23963.8,23963.95,0
2026-05-25 13:45:00,23965.65,23977.4,23962.2,23965.35,0
2026-05-25 14:00:00,23966.95,23978.55,23956.7,23958.55,0
2026-05-25 14:15:00,23959.95,23982.85,23955.25,23978.15,0
2026-05-25 14:30:00,23979.0,24009.2,23976.45,24007.8,0
2026-05-25 14:45:00,24009.55,24036.45,24007.4,24035.0,0
2026-05-25 15:00:00,24035.75,24037.8,24021.5,24035.25,0
2026-05-25 15:15:00,24035.85,24054.4,24021.1,24049.9,0
2026-05-26 09:15:00,23999.45,24041.2,23966.75,24034.1,0
2026-05-26 09:30:00,24034.4,24076.9,24018.95,24062.3,0
2026-05-26 09:45:00,24062.4,24065.7,24014.55,24028.75,0
2026-05-26 10:00:00,24029.75,24064.1,24021.2,24063.0,0
2026-05-26 10:15:00,24063.05,24076.15,24045.2,24071.4,0
2026-05-26 10:30:00,24070.0,24089.55,24066.85,24073.15,0
2026-05-26 10:45:00,24073.95,24082.65,24065.3,24071.85,0
2026-05-26 11:00:00,24070.7,24082.65,24065.45,24069.3,0
2026-05-26 11:15:00,24068.85,24070.75,24044.8,24044.8,0
2026-05-26 11:30:00,24044.95,24071.9,24026.2,24063.15,0
2026-05-26 11:45:00,24062.35,24066.95,24032.6,24039.95,0
2026-05-26 12:00:00,24040.2,24043.65,24018.5,24022.1,0
2026-05-26 12:15:00,24022.3,24040.8,24017.45,24021.9,0
2026-05-26 12:30:00,24021.85,24036.4,24006.05,24010.15,0
2026-05-26 12:45:00,24010.0,24012.3,23971.6,23998.55,0
2026-05-26 13:00:00,23998.65,24001.95,23966.2,23974.35,0
2026-05-26 13:15:00,23974.9,23991.25,23959.2,23987.5,0
2026-05-26 13:30:00,23987.45,23999.25,23957.4,23958.5,0
2026-05-26 13:45:00,23957.2,23970.1,23934.3,23937.2,0
2026-05-26 14:00:00,23937.35,23940.1,23910.1,23924.2,0
2026-05-26 14:15:00,23924.25,23940.7,23907.35,23922.6,0
2026-05-26 14:30:00,23923.0,23934.0,23895.65,23898.2,0
2026-05-26 14:45:00,23898.1,23918.75,23885.45,23913.05,0
2026-05-26 15:00:00,23913.5,23931.05,23896.4,23908.8,0
2026-05-26 15:15:00,23907.7,23940.05,23907.15,23933.75,0
2026-05-27 09:15:00,23880.35,23949.7,23870.45,23903.25,0
2026-05-27 09:30:00,23903.95,23919.05,23869.75,23908.3,0
2026-05-27 09:45:00,23909.65,23909.65,23871.3,23874.95,0
2026-05-27 10:00:00,23874.75,23946.4,23868.8,23943.25,0
2026-05-27 10:15:00,23942.8,23970.4,23934.7,23963.2,0
2026-05-27 10:30:00,23963.4,23970.7,23934.45,23935.95,0
2026-05-27 10:45:00,23936.2,23976.35,23918.9,23966.9,0
2026-05-27 11:00:00,23966.95,23973.2,23950.7,23961.95,0
2026-05-27 11:15:00,23961.9,23980.8,23959.0,23974.05,0
2026-05-27 11:30:00,23974.65,23983.0,23947.0,23954.3,0
2026-05-27 11:45:00,23953.5,23963.6,23928.75,23934.05,0
2026-05-27 12:00:00,23933.5,23941.75,23918.35,23921.9,0
2026-05-27 12:15:00,23922.55,23940.85,23905.15,23906.45,0
2026-05-27 12:30:00,23906.3,23938.3,23902.45,23936.3,0
2026-05-27 12:45:00,23936.1,23936.35,23904.05,23905.25,0
2026-05-27 13:00:00,23905.6,23923.45,23895.0,23898.15,0
2026-05-27 13:15:00,23897.15,23905.3,23884.15,23892.3,0
2026-05-27 13:30:00,23892.05,23915.15,23890.15,23891.55,0
2026-05-27 13:45:00,23891.25,23916.35,23882.05,23912.5,0
2026-05-27 14:00:00,23912.3,23924.1,23894.45,23896.0,0
2026-05-27 14:15:00,23895.95,23922.25,23884.5,23890.35,0
2026-05-27 14:30:00,23890.25,23890.25,23858.55,23875.05,0
2026-05-27 14:45:00,23875.4,23901.05,23866.95,23896.55,0
2026-05-27 15:00:00,23896.75,23906.45,23879.15,23902.8,0
2026-05-27 15:15:00,23903.8,23926.85,23902.5,23921.6,0
2026-05-29 09:15:00,23903.4,23998.7,23889.45,23893.4,0
2026-05-29 09:30:00,23892.2,23933.85,23872.9,23875.75,0
2026-05-29 09:45:00,23875.8,23922.8,23871.2,23907.45,0
2026-05-29 10:00:00,23907.45,23954.5,23894.75,23945.7,0
2026-05-29 10:15:00,23946.1,23951.9,23908.95,23911.65,0
2026-05-29 10:30:00,23911.2,23929.65,23900.45,23900.65,0
2026-05-29 10:45:00,23900.9,23907.8,23877.65,23903.1,0
2026-05-29 11:00:00,23902.65,23912.7,23892.75,23896.85,0
2026-05-29 11:15:00,23895.8,23910.15,23888.95,23889.55,0
2026-05-29 11:30:00,23889.2,23894.5,23875.35,23885.9,0
2026-05-29 11:45:00,23885.55,23914.0,23883.35,23890.8,0
2026-05-29 12:00:00,23890.3,23891.65,23825.95,23835.7,0
2026-05-29 12:15:00,23835.95,23857.75,23815.1,23855.8,0
2026-05-29 12:30:00,23856.2,23859.05,23840.95,23849.9,0
2026-05-29 12:45:00,23849.85,23855.25,23821.95,23837.55,0
2026-05-29 13:00:00,23837.05,23838.3,23769.25,23769.25,0
2026-05-29 13:15:00,23769.65,23789.5,23759.95,23775.6,0
2026-05-29 13:30:00,23775.35,23786.05,23765.95,23773.4,0
2026-05-29 13:45:00,23773.15,23775.1,23740.0,23757.65,0
2026-05-29 14:00:00,23758.05,23759.5,23731.5,23744.45,0
2026-05-29 14:15:00,23743.8,23762.25,23731.55,23760.1,0
2026-05-29 14:30:00,23759.55,23802.05,23759.55,23786.1,0
2026-05-29 14:45:00,23786.75,23795.3,23752.25,23773.35,0
2026-05-29 15:00:00,23773.3,23773.3,23506.35,23528.7,0
2026-05-29 15:15:00,23527.2,23618.0,23486.6,23609.3,0
