Datetime,Open,High,Low,Close,Volume
2026-01-01 09:15:00,1573.0,1589.6,1573.0,1588.1,377922
2026-01-01 09:30:00,1588.5,1592.4,1585.2,1586.0,433609
2026-01-01 09:45:00,1585.2,1586.9,1582.9,1583.1,204160
2026-01-01 10:00:00,1583.5,1587.5,1582.2,1582.2,209223
2026-01-01 10:15:00,1582.5,1582.9,1579.5,1582.9,134279
2026-01-01 10:30:00,1582.9,1583.4,1578.5,1579.0,134549
2026-01-01 10:45:00,1578.9,1583.1,1578.7,1581.0,128047
2026-01-01 11:00:00,1580.9,1582.0,1579.8,1580.4,94274
2026-01-01 11:15:00,1580.4,1581.3,1578.6,1579.0,103208
2026-01-01 11:30:00,1578.8,1579.5,1576.3,1577.5,83177
2026-01-01 11:45:00,1577.1,1577.9,1576.1,1577.3,66153
2026-01-01 12:00:00,1577.2,1578.5,1575.7,1578.1,122174
2026-01-01 12:15:00,1577.7,1578.5,1574.3,1577.8,207118
2026-01-01 12:30:00,1577.9,1579.0,1575.3,1578.0,319272
2026-01-01 12:45:00,1578.0,1580.6,1575.8,1575.8,289909
2026-01-01 13:00:00,1576.0,1576.8,1574.5,1575.2,121283
2026-01-01 13:15:00,1575.0,1576.5,1573.0,1575.7,423984
2026-01-01 13:30:00,1575.7,1577.5,1575.3,1577.2,261858
2026-01-01 13:45:00,1577.2,1581.4,1577.0,1578.8,267383
2026-01-01 14:00:00,1578.8,1579.5,1577.9,1579.2,79276
2026-01-01 14:15:00,1579.1,1580.1,1578.0,1578.3,123785
2026-01-01 14:30:00,1578.3,1579.0,1577.4,1578.4,94622
2026-01-01 14:45:00,1578.4,1578.5,1577.1,1577.8,84633
2026-01-01 15:00:00,1578.4,1579.5,1574.2,1575.0,1101910
2026-01-01 15:15:00,1574.4,1574.4,1571.1,1572.7,652712
2026-01-02 09:15:00,1580.0,1587.0,1580.0,1585.0,139498
2026-01-02 09:30:00,1584.7,1588.4,1583.4,1588.4,235609
2026-01-02 09:45:00,1588.2,1589.9,1587.1,1588.9,198010
2026-01-02 10:00:00,1588.9,1589.9,1586.6,1588.9,120123
2026-01-02 10:15:00,1588.9,1589.4,1586.9,1588.7,99895
2026-01-02 10:30:00,1588.7,1589.9,1587.3,1588.4,266022
2026-01-02 10:45:00,1588.4,1588.9,1584.4,1585.0,321335
2026-01-02 11:00:00,1584.9,1585.1,1583.7,1584.0,164713
2026-01-02 11:15:00,1584.0,1587.0,1582.6,1586.7,220592
2026-01-02 11:30:00,1586.9,1587.4,1584.8,1586.2,165463
2026-01-02 11:45:00,1586.4,1588.5,1586.0,1587.4,237201
2026-01-02 12:00:00,1587.6,1588.4,1586.4,1586.9,146583
2026-01-02 12:15:00,1587.0,1590.0,1586.7,1588.6,231233
2026-01-02 12:30:00,1588.7,1589.5,1588.1,1588.5,155684
2026-01-02 12:45:00,1588.1,1589.2,1587.7,1588.8,269133
2026-01-02 13:00:00,1589.1,1589.8,1588.2,1589.6,122486
2026-01-02 13:15:00,1589.5,1591.8,1589.2,1590.6,253430
2026-01-02 13:30:00,1590.3,1591.9,1590.3,1591.7,212337
2026-01-02 13:45:00,1591.8,1592.9,1589.5,1590.3,370650
2026-01-02 14:00:00,1590.3,1591.6,1590.2,1591.2,178910
2026-01-02 14:15:00,1591.2,1592.3,1590.2,1591.0,342561
2026-01-02 14:30:00,1590.9,1591.5,1588.4,1589.2,298076
2026-01-02 14:45:00,1589.1,1590.9,1588.9,1590.0,250618
2026-01-02 15:00:00,1590.0,1594.4,1589.8,1592.9,696713
2026-01-02 15:15:00,1592.5,1593.0,1591.3,1593.0,697662
2026-01-05 09:15:00,1593.0,1611.6,1593.0,1606.0,613817
2026-01-05 09:30:00,1605.8,1606.0,1596.5,1597.8,398138
2026-01-05 09:45:00,1597.8,1598.0,1595.7,1596.9,422448
2026-01-05 10:00:00,1596.9,1599.0,1594.2,1598.9,238879
2026-01-05 10:15:00,1598.8,1599.7,1598.0,1598.8,159629
2026-01-05 10:30:00,1598.9,1599.1,1594.7,1596.6,172394
2026-01-05 10:45:00,1596.7,1598.0,1596.0,1597.5,171888
2026-01-05 11:00:00,1597.1,1599.2,1595.6,1597.0,230974
2026-01-05 11:15:00,1597.0,1597.0,1593.3,1594.9,236115
2026-01-05 11:30:00,1594.8,1596.5,1594.2,1595.0,224706
2026-01-05 11:45:00,1595.0,1595.9,1592.7,1594.0,158753
2026-01-05 12:00:00,1594.0,1594.3,1590.1,1592.0,179129
2026-01-05 12:15:00,1592.1,1592.2,1590.5,1591.0,177185
2026-01-05 12:30:00,1590.9,1592.4,1589.9,1592.3,184623
2026-01-05 12:45:00,1592.0,1592.5,1589.3,1589.3,211389
2026-01-05 13:00:00,1589.3,1590.5,1588.0,1589.3,187407
2026-01-05 13:15:00,1589.0,1589.7,1586.2,1586.7,191235
2026-01-05 13:30:00,1586.7,1586.7,1583.5,1584.4,229048
2026-01-05 13:45:00,1584.4,1584.8,1582.1,1582.1,212825
2026-01-05 14:00:00,1582.3,1583.2,1579.1,1579.7,452445
2026-01-05 14:15:00,1579.7,1581.1,1577.3,1579.6,300368
2026-01-05 14:30:00,1579.7,1581.7,1579.0,1581.2,321984
2026-01-05 14:45:00,1581.2,1582.5,1580.5,1581.4,324915
2026-01-05 15:00:00,1581.3,1581.4,1577.4,1577.5,997666
2026-01-05 15:15:00,1577.5,1578.4,1575.4,1577.2,1040434
2026-01-06 09:15:00,1568.4,1568.4,1518.8,1523.4,3185859
2026-01-06 09:30:00,1523.4,1535.1,1522.6,1525.6,1841813
2026-01-06 09:45:00,1525.7,1535.9,1525.2,1535.4,922528
2026-01-06 10:00:00,1535.6,1535.7,1525.6,1526.2,818773
2026-01-06 10:15:00,1526.3,1528.2,1524.0,1524.8,827443
2026-01-06 10:30:00,1524.8,1525.4,1521.3,1523.6,585024
2026-01-06 10:45:00,1523.6,1523.8,1520.1,1521.9,502220
2026-01-06 11:00:00,1521.8,1523.2,1511.0,1511.2,826432
2026-01-06 11:15:00,1511.2,1511.2,1497.2,1508.4,3287874
2026-01-06 11:30:00,1508.5,1512.7,1504.0,1512.5,1095295
2026-01-06 11:45:00,1512.4,1514.3,1509.4,1509.4,906524
2026-01-06 12:00:00,1509.0,1511.7,1507.7,1509.3,446454
2026-01-06 12:15:00,1509.3,1509.3,1502.2,1504.0,568417
2026-01-06 12:30:00,1504.1,1506.9,1502.6,1505.3,449427
2026-01-06 12:45:00,1505.4,1509.4,1504.1,1507.9,462206
2026-01-06 13:00:00,1507.7,1510.0,1505.9,1506.0,555557
2026-01-06 13:15:00,1506.0,1507.9,1504.3,1505.6,464777
2026-01-06 13:30:00,1505.5,1505.8,1502.0,1505.4,611808
2026-01-06 13:45:00,1505.4,1507.9,1503.1,1506.0,333154
2026-01-06 14:00:00,1505.9,1506.5,1499.4,1501.4,1435190
2026-01-06 14:15:00,1501.4,1506.1,1501.2,1505.8,434593
2026-01-06 14:30:00,1505.8,1507.8,1504.3,1506.7,713067
2026-01-06 14:45:00,1506.8,1511.0,1505.2,1505.9,686750
2026-01-06 15:00:00,1506.5,1508.3,1505.6,1506.6,1197424
2026-01-06 15:15:00,1506.6,1510.0,1505.5,1508.9,1407756
2026-01-07 09:15:00,1511.0,1519.5,1504.7,1511.6,695973
2026-01-07 09:30:00,1511.7,1520.0,1511.6,1516.4,538461
2026-01-07 09:45:00,1516.4,1517.5,1512.2,1514.5,248922
2026-01-07 10:00:00,1514.4,1516.8,1512.3,1512.5,296098
2026-01-07 10:15:00,1512.1,1513.5,1506.5,1506.6,493004
2026-01-07 10:30:00,1506.6,1508.2,1502.3,1507.0,435854
2026-01-07 10:45:00,1507.0,1508.5,1505.1,1507.1,246927
2026-01-07 11:00:00,1507.1,1508.6,1506.0,1506.2,228520
2026-01-07 11:15:00,1506.0,1508.3,1505.2,1506.8,200459
2026-01-07 11:30:00,1507.2,1511.2,1507.2,1510.5,256075
2026-01-07 11:45:00,1510.5,1510.5,1507.6,1509.1,224310
2026-01-07 12:00:00,1509.1,1509.8,1505.3,1505.6,292911
2026-01-07 12:15:00,1505.5,1505.7,1503.4,1504.1,245720
2026-01-07 12:30:00,1504.0,1506.0,1502.8,1503.6,257474
2026-01-07 12:45:00,1503.6,1504.7,1502.4,1503.8,307225
2026-01-07 13:00:00,1503.7,1505.5,1503.4,1504.6,332070
2026-01-07 13:15:00,1504.7,1506.0,1500.8,1501.5,351886
2026-01-07 13:30:00,1501.3,1503.9,1501.3,1502.6,287734
2026-01-07 13:45:00,1502.7,1504.0,1502.4,1503.8,284147
2026-01-07 14:00:00,1503.8,1503.9,1502.5,1502.5,240642
2026-01-07 14:15:00,1502.8,1502.8,1498.3,1501.2,673511
2026-01-07 14:30:00,1501.3,1502.5,1500.6,1501.5,411085
2026-01-07 14:45:00,1501.4,1502.7,1500.3,1502.5,447354
2026-01-07 15:00:00,1503.5,1506.4,1502.7,1504.6,1161769
2026-01-07 15:15:00,1504.6,1505.5,1502.9,1505.2,1155983
2026-01-08 09:15:00,1500.0,1501.1,1491.1,1495.9,481102
2026-01-08 09:30:00,1495.7,1497.6,1493.9,1494.1,335775
2026-01-08 09:45:00,1493.3,1495.0,1490.2,1493.5,345734
2026-01-08 10:00:00,1493.5,1494.0,1488.6,1493.2,413574
2026-01-08 10:15:00,1493.2,1493.3,1486.5,1487.0,564513
2026-01-08 10:30:00,1487.0,1487.0,1482.3,1484.3,518804
2026-01-08 10:45:00,1484.4,1486.9,1484.0,1485.1,619419
2026-01-08 11:00:00,1485.1,1486.9,1484.5,1485.5,480051
2026-01-08 11:15:00,1485.3,1485.4,1480.6,1482.5,530120
2026-01-08 11:30:00,1482.2,1484.2,1481.0,1483.2,293127
2026-01-08 11:45:00,1482.9,1483.5,1478.7,1479.1,440028
2026-01-08 12:00:00,1479.0,1479.8,1476.1,1479.8,466964
2026-01-08 12:15:00,1479.8,1480.0,1477.0,1477.3,341001
2026-01-08 12:30:00,1477.3,1478.3,1472.6,1473.6,694392
2026-01-08 12:45:00,1473.3,1474.0,1471.0,1472.1,1197692
2026-01-08 13:00:00,1472.2,1474.3,1470.5,1474.0,684651
2026-01-08 13:15:00,1473.9,1474.0,1469.5,1469.9,923849
2026-01-08 13:30:00,1469.5,1472.0,1468.8,1471.0,536354
2026-01-08 13:45:00,1471.2,1472.3,1470.2,1471.4,668792
2026-01-08 14:00:00,1471.5,1472.6,1470.2,1470.6,585337
2026-01-08 14:15:00,1470.6,1471.9,1470.2,1470.4,561147
2026-01-08 14:30:00,1470.5,1472.7,1470.2,1471.0,579792
2026-01-08 14:45:00,1471.3,1471.9,1470.7,1471.5,443199
2026-01-08 15:00:00,1471.5,1472.2,1469.0,1469.9,1489315
2026-01-08 15:15:00,1470.1,1472.0,1469.1,1470.9,1588500
2026-01-09 09:15:00,1467.5,1479.9,1467.0,1474.8,455478
2026-01-09 09:30:00,1474.8,1475.6,1468.7,1475.6,440185
2026-01-09 09:45:00,1475.6,1478.0,1472.1,1474.0,346662
2026-01-09 10:00:00,1474.0,1475.7,1471.3,1472.0,288879
2026-01-09 10:15:00,1472.1,1477.7,1471.0,1476.1,266524
2026-01-09 10:30:00,1476.1,1477.4,1470.9,1472.5,294823
2026-01-09 10:45:00,1472.5,1472.8,1469.3,1471.5,297184
2026-01-09 11:00:00,1471.5,1472.0,1469.5,1469.8,234160
2026-01-09 11:15:00,1470.1,1473.0,1469.5,1472.8,180750
2026-01-09 11:30:00,1472.9,1475.0,1466.5,1467.0,359008
2026-01-09 11:45:00,1467.0,1469.2,1467.0,1468.4,180972
2026-01-09 12:00:00,1468.6,1471.8,1467.6,1470.7,263154
2026-01-09 12:15:00,1470.7,1472.4,1468.5,1469.3,169562
2026-01-09 12:30:00,1469.2,1471.3,1466.0,1467.8,214272
2026-01-09 12:45:00,1468.0,1469.6,1465.0,1469.6,309788
2026-01-09 13:00:00,1469.6,1471.9,1469.1,1471.1,205233
2026-01-09 13:15:00,1471.1,1473.6,1470.1,1473.3,327717
2026-01-09 13:30:00,1473.4,1478.6,1470.4,1473.3,310806
2026-01-09 13:45:00,1473.6,1475.0,1471.0,1474.6,130601
2026-01-09 14:00:00,1474.6,1475.0,1470.3,1470.4,166126
2026-01-09 14:15:00,1470.7,1473.1,1470.0,1471.9,213360
2026-01-09 14:30:00,1471.9,1473.9,1469.6,1471.1,277646
2026-01-09 14:45:00,1471.2,1473.5,1470.9,1472.2,202323
2026-01-09 15:00:00,1472.4,1476.5,1472.3,1476.1,646062
2026-01-09 15:15:00,1476.0,1476.2,1473.9,1476.0,599357
2026-01-12 09:15:00,1475.5,1475.5,1456.3,1458.0,403166
2026-01-12 09:30:00,1458.5,1463.7,1458.0,1461.5,319449
2026-01-12 09:45:00,1461.7,1467.5,1460.9,1461.3,280584
2026-01-12 10:00:00,1461.4,1463.4,1461.2,1461.9,142057
2026-01-12 10:15:00,1461.6,1465.0,1461.2,1464.0,252676
2026-01-12 10:30:00,1463.9,1464.7,1462.5,1463.0,134755
2026-01-12 10:45:00,1462.9,1463.5,1459.2,1460.0,262955
2026-01-12 11:00:00,1459.9,1459.9,1453.5,1455.9,508651
2026-01-12 11:15:00,1455.9,1457.5,1454.4,1456.8,289706
2026-01-12 11:30:00,1456.8,1457.0,1453.7,1454.8,237756
2026-01-12 11:45:00,1454.8,1455.5,1451.2,1451.5,362447
2026-01-12 12:00:00,1451.4,1461.6,1451.4,1461.6,297373
2026-01-12 12:15:00,1461.6,1468.5,1460.1,1466.4,395705
2026-01-12 12:30:00,1466.4,1470.6,1465.0,1468.9,389581
2026-01-12 12:45:00,1468.9,1472.6,1468.2,1471.6,285255
2026-01-12 13:00:00,1471.6,1473.8,1467.8,1472.3,230988
2026-01-12 13:15:00,1472.3,1473.0,1469.6,1470.0,168224
2026-01-12 13:30:00,1470.1,1477.7,1470.0,1475.5,322635
2026-01-12 13:45:00,1475.3,1479.6,1475.2,1477.8,248659
2026-01-12 14:00:00,1477.8,1480.6,1475.9,1478.5,275581
2026-01-12 14:15:00,1478.7,1484.4,1478.4,1483.7,375986
2026-01-12 14:30:00,1483.8,1483.9,1477.5,1482.5,526807
2026-01-12 14:45:00,1482.1,1484.0,1481.1,1481.8,313028
2026-01-12 15:00:00,1481.9,1483.5,1480.6,1483.4,623226
2026-01-12 15:15:00,1483.4,1485.3,1483.0,1484.0,886023
2026-01-13 09:15:00,1484.9,1485.1,1468.3,1468.6,453412
2026-01-13 09:30:00,1468.4,1469.5,1463.4,1465.0,679914
2026-01-13 09:45:00,1465.6,1468.6,1461.3,1461.5,882146
2026-01-13 10:00:00,1461.0,1469.3,1460.5,1467.0,336115
2026-01-13 10:15:00,1467.0,1469.8,1465.4,1468.2,252309
2026-01-13 10:30:00,1468.1,1469.1,1464.0,1465.3,245511
2026-01-13 10:45:00,1465.3,1468.4,1464.8,1466.4,150570
2026-01-13 11:00:00,1466.3,1467.5,1465.4,1466.9,139877
2026-01-13 11:15:00,1467.0,1468.9,1466.3,1467.3,145872
2026-01-13 11:30:00,1467.3,1468.9,1463.6,1464.2,214360
2026-01-13 11:45:00,1464.1,1465.5,1463.3,1465.2,34345
2026-01-13 12:00:00,1460.3,1460.9,1455.2,1456.0,649711
2026-01-13 12:15:00,1456.0,1462.3,1455.0,1461.5,221651
2026-01-13 12:30:00,1461.5,1463.0,1458.1,1459.3,161694
2026-01-13 12:45:00,1459.5,1460.5,1456.0,1456.8,223868
2026-01-13 13:00:00,1456.6,1456.9,1453.3,1454.5,374821
2026-01-13 13:15:00,1454.6,1456.4,1453.3,1454.7,442082
2026-01-13 13:30:00,1454.7,1456.4,1454.3,1455.8,310122
2026-01-13 13:45:00,1455.7,1455.9,1453.7,1455.1,223437
2026-01-13 14:00:00,1455.1,1455.1,1451.6,1453.3,315331
2026-01-13 14:15:00,1453.8,1453.9,1447.8,1448.3,1006604
2026-01-13 14:30:00,1448.2,1452.8,1448.0,1449.0,790465
2026-01-13 14:45:00,1449.4,1450.3,1448.0,1448.6,752338
2026-01-13 15:00:00,1450.0,1456.8,1444.8,1454.9,2580668
2026-01-13 15:15:00,1455.0,1460.0,1452.8,1452.8,1416945
2026-01-14 09:15:00,1443.7,1453.6,1440.5,1452.2,291128
2026-01-14 09:30:00,1452.4,1456.2,1451.1,1451.6,321399
2026-01-14 09:45:00,1451.6,1456.7,1449.6,1455.9,220803
2026-01-14 10:00:00,1455.9,1458.6,1455.3,1455.4,189026
2026-01-14 10:15:00,1455.4,1457.2,1454.1,1456.3,144301
2026-01-14 10:30:00,1456.3,1463.0,1455.0,1459.3,253262
2026-01-14 10:45:00,1459.8,1464.0,1458.0,1464.0,221238
2026-01-14 11:00:00,1464.0,1465.5,1462.8,1463.3,324205
2026-01-14 11:15:00,1463.2,1465.6,1463.0,1465.6,181939
2026-01-14 11:30:00,1465.6,1466.0,1463.1,1464.0,137939
2026-01-14 11:45:00,1464.1,1464.7,1463.0,1463.3,131959
2026-01-14 12:00:00,1463.1,1464.4,1460.0,1461.0,175162
2026-01-14 12:15:00,1461.0,1463.9,1460.6,1462.6,170562
2026-01-14 12:30:00,1462.6,1466.9,1462.6,1464.5,167015
2026-01-14 12:45:00,1464.2,1465.4,1463.1,1464.0,180492
2026-01-14 13:00:00,1464.0,1464.9,1461.2,1463.5,212011
2026-01-14 13:15:00,1463.5,1464.2,1460.5,1463.0,159188
2026-01-14 13:30:00,1462.9,1463.2,1455.0,1455.1,281802
2026-01-14 13:45:00,1455.1,1455.8,1453.0,1454.4,216284
2026-01-14 14:00:00,1454.4,1458.6,1454.0,1458.5,187020
2026-01-14 14:15:00,1458.5,1458.5,1455.6,1457.6,330902
2026-01-14 14:30:00,1457.8,1461.4,1457.4,1460.5,288526
2026-01-14 14:45:00,1460.5,1462.8,1460.5,1460.9,311710
2026-01-14 15:00:00,1461.0,1462.2,1456.6,1457.1,1817110
2026-01-14 15:15:00,1457.1,1459.3,1455.4,1458.8,770338
2026-01-16 09:15:00,1460.0,1472.2,1460.0,1463.1,1032565
2026-01-16 09:30:00,1463.1,1467.6,1462.4,1467.1,514220
2026-01-16 09:45:00,1467.1,1467.1,1463.2,1463.9,414028
2026-01-16 10:00:00,1463.8,1467.6,1463.4,1466.8,359183
2026-01-16 10:15:00,1466.7,1472.9,1466.7,1470.1,729284
2026-01-16 10:30:00,1470.0,1478.0,1469.0,1474.1,554718
2026-01-16 10:45:00,1474.7,1480.0,1474.2,1476.0,474090
2026-01-16 11:00:00,1475.9,1479.0,1471.7,1473.3,392528
2026-01-16 11:15:00,1473.3,1474.9,1469.1,1472.7,931874
2026-01-16 11:30:00,1472.7,1474.9,1469.9,1473.2,926327
2026-01-16 11:45:00,1473.2,1473.2,1464.3,1465.5,408547
2026-01-16 12:00:00,1465.5,1470.9,1465.1,1470.5,602877
2026-01-16 12:15:00,1470.5,1471.1,1464.6,1464.9,218585
2026-01-16 12:30:00,1465.0,1466.4,1463.7,1464.4,758162
2026-01-16 12:45:00,1464.3,1464.3,1458.4,1459.0,440148
2026-01-16 13:00:00,1458.8,1459.2,1455.3,1458.7,439367
2026-01-16 13:15:00,1458.7,1460.9,1456.1,1460.8,773250
2026-01-16 13:30:00,1460.7,1464.8,1459.4,1460.8,539056
2026-01-16 13:45:00,1460.8,1462.2,1457.3,1458.0,557364
2026-01-16 14:00:00,1458.0,1458.5,1456.4,1458.0,253584
2026-01-16 14:15:00,1457.8,1462.4,1457.2,1461.4,313406
2026-01-16 14:30:00,1461.2,1463.0,1458.9,1461.6,288214
2026-01-16 14:45:00,1461.5,1461.8,1458.8,1460.0,325087
2026-01-16 15:00:00,1459.8,1460.4,1455.9,1456.7,1556612
2026-01-16 15:15:00,1456.7,1461.5,1455.9,1461.2,1438822
2026-01-19 09:15:00,1442.8,1442.8,1420.0,1421.7,1056088
2026-01-19 09:30:00,1421.4,1430.5,1420.9,1429.8,1158649
2026-01-19 09:45:00,1429.8,1429.8,1421.0,1421.3,726288
2026-01-19 10:00:00,1421.0,1424.5,1419.6,1424.4,775726
2026-01-19 10:15:00,1424.4,1424.8,1413.0,1413.0,1535730
2026-01-19 10:30:00,1413.0,1414.1,1406.8,1410.3,1662968
2026-01-19 10:45:00,1410.6,1411.2,1408.0,1409.6,434203
2026-01-19 11:00:00,1409.3,1411.1,1408.0,1409.0,530513
2026-01-19 11:15:00,1457.9,1457.9,1408.0,1409.8,292305
2026-01-19 11:30:00,1409.9,1410.1,1408.0,1409.6,371745
2026-01-19 11:45:00,1409.7,1413.9,1408.5,1413.1,380213
2026-01-19 12:00:00,1413.5,1413.5,1408.0,1408.3,506865
2026-01-19 12:15:00,1408.4,1409.6,1404.0,1404.9,788937
2026-01-19 12:30:00,1404.7,1406.5,1403.4,1405.5,512184
2026-01-19 12:45:00,1405.6,1406.8,1404.5,1406.0,540022
2026-01-19 13:00:00,1406.1,1409.0,1404.5,1404.7,836246
2026-01-19 13:15:00,1404.7,1405.4,1403.9,1404.9,414770
2026-01-19 13:30:00,1404.9,1412.0,1404.8,1409.0,896913
2026-01-19 13:45:00,1408.4,1412.2,1406.3,1411.3,1037567
2026-01-19 14:00:00,1411.0,1414.5,1411.0,1412.1,449279
2026-01-19 14:15:00,1412.1,1413.9,1411.4,1411.9,368882
2026-01-19 14:30:00,1411.9,1414.9,1411.5,1414.4,374105
2026-01-19 14:45:00,1414.4,1416.1,1414.2,1415.3,519876
2026-01-19 15:00:00,1415.3,1415.5,1413.0,1414.2,1243796
2026-01-19 15:15:00,1414.2,1414.3,1412.0,1413.2,1478354
2026-01-20 09:15:00,1413.0,1415.6,1406.9,1410.1,342326
2026-01-20 09:30:00,1410.1,1413.0,1408.0,1410.0,310552
2026-01-20 09:45:00,1410.3,1410.3,1403.0,1403.9,769992
2026-01-20 10:00:00,1403.9,1407.8,1402.3,1406.7,433239
2026-01-20 10:15:00,1406.7,1408.7,1405.1,1407.5,250408
2026-01-20 10:30:00,1407.4,1409.9,1406.4,1409.4,370251
2026-01-20 10:45:00,1409.1,1409.4,1404.4,1405.1,296826
2026-01-20 11:00:00,1405.1,1405.2,1399.6,1399.9,450614
2026-01-20 11:15:00,1399.9,1401.9,1399.2,1401.2,291479
2026-01-20 11:30:00,1401.2,1402.1,1400.0,1400.7,198673
2026-01-20 11:45:00,1400.7,1406.0,1400.0,1405.4,335908
2026-01-20 12:00:00,1405.4,1405.5,1401.1,1402.2,304857
2026-01-20 12:15:00,1402.2,1405.1,1402.0,1404.4,199505
2026-01-20 12:30:00,1404.6,1404.8,1403.5,1404.3,161251
2026-01-20 12:45:00,1404.2,1406.8,1403.8,1406.0,316062
2026-01-20 13:00:00,1406.0,1406.4,1404.1,1404.1,193269
2026-01-20 13:15:00,1404.1,1406.4,1403.9,1404.2,193828
2026-01-20 13:30:00,1404.2,1404.5,1399.4,1399.6,451504
2026-01-20 13:45:00,1399.6,1401.9,1399.1,1401.9,346618
2026-01-20 14:00:00,1401.9,1404.6,1401.0,1404.5,490546
2026-01-20 14:15:00,1404.5,1406.0,1404.0,1405.7,404483
2026-01-20 14:30:00,1405.7,1407.9,1400.7,1401.5,507732
2026-01-20 14:45:00,1401.6,1402.0,1397.9,1397.9,421358
2026-01-20 15:00:00,1397.7,1398.3,1392.3,1393.6,2575276
2026-01-20 15:15:00,1393.6,1394.9,1390.0,1392.4,1968736
2026-01-21 09:15:00,1387.8,1397.1,1385.3,1392.6,514051
2026-01-21 09:30:00,1393.0,1398.2,1392.4,1397.2,668692
2026-01-21 09:45:00,1397.0,1397.5,1392.1,1392.5,396176
2026-01-21 10:00:00,1392.4,1394.0,1390.1,1390.6,327292
2026-01-21 10:15:00,1390.6,1391.1,1381.5,1382.8,551230
2026-01-21 10:30:00,1382.8,1382.8,1378.2,1378.8,602667
2026-01-21 10:45:00,1378.7,1379.3,1373.2,1378.3,677766
2026-01-21 11:00:00,1378.3,1385.9,1378.3,1384.0,494840
2026-01-21 11:15:00,1384.0,1386.9,1383.0,1383.8,277035
2026-01-21 11:30:00,1383.8,1386.0,1382.0,1383.4,223314
2026-01-21 11:45:00,1383.4,1386.4,1383.0,1386.2,194113
2026-01-21 12:00:00,1386.2,1392.7,1385.5,1392.3,400467
2026-01-21 12:15:00,1392.4,1399.8,1391.2,1396.9,433569
2026-01-21 12:30:00,1396.9,1407.6,1396.8,1404.8,859223
2026-01-21 12:45:00,1404.8,1409.4,1404.8,1407.6,498968
2026-01-21 13:00:00,1407.6,1412.0,1406.0,1407.8,720625
2026-01-21 13:15:00,1407.9,1408.5,1404.9,1407.3,615646
2026-01-21 13:30:00,1407.4,1408.7,1402.8,1407.9,1377158
2026-01-21 13:45:00,1407.8,1411.4,1406.5,1408.4,998027
2026-01-21 14:00:00,1407.9,1410.9,1406.1,1407.5,509873
2026-01-21 14:15:00,1407.5,1412.7,1401.5,1401.5,713429
2026-01-21 14:30:00,1401.4,1404.9,1399.6,1400.1,702007
2026-01-21 14:45:00,1400.2,1401.0,1398.5,1399.9,463580
2026-01-21 15:00:00,1399.9,1405.5,1399.5,1405.3,2111993
2026-01-21 15:15:00,1405.3,1408.4,1405.3,1407.5,1330703
2026-01-22 09:15:00,1412.4,1416.5,1407.5,1416.1,459736
2026-01-22 09:30:00,1416.1,1419.5,1414.0,1414.7,609307
2026-01-22 09:45:00,1414.7,1416.2,1411.5,1414.5,367928
2026-01-22 10:00:00,1414.5,1417.0,1413.2,1416.2,263382
2026-01-22 10:15:00,1416.2,1416.8,1406.3,1406.8,263042
2026-01-22 10:30:00,1406.7,1407.5,1401.4,1404.0,510189
2026-01-22 10:45:00,1403.6,1404.0,1399.8,1400.0,347786
2026-01-22 11:00:00,1400.0,1401.7,1398.7,1400.1,288582
2026-01-22 11:15:00,1400.1,1405.5,1399.8,1402.6,444960
2026-01-22 11:30:00,1402.5,1403.8,1399.0,1399.6,456463
2026-01-22 11:45:00,1400.0,1400.7,1395.3,1398.6,454815
2026-01-22 12:00:00,1398.6,1403.2,1397.2,1403.1,317033
2026-01-22 12:15:00,1403.0,1405.0,1400.2,1403.3,389145
2026-01-22 12:30:00,1403.5,1406.2,1401.9,1404.7,1109820
2026-01-22 12:45:00,1404.8,1405.2,1399.5,1400.6,721469
2026-01-22 13:00:00,1400.5,1401.8,1398.1,1398.5,427535
2026-01-22 13:15:00,1398.5,1399.5,1396.9,1397.0,245900
2026-01-22 13:30:00,1397.2,1400.8,1396.1,1400.6,780765
2026-01-22 13:45:00,1400.0,1402.8,1398.3,1402.5,340445
2026-01-22 14:00:00,1402.5,1402.5,1398.0,1398.0,366090
2026-01-22 14:15:00,1398.1,1401.3,1397.6,1400.9,602426
2026-01-22 14:30:00,1400.6,1404.4,1400.6,1403.0,594945
2026-01-22 14:45:00,1403.0,1404.7,1402.1,1402.4,559901
2026-01-22 15:00:00,1402.7,1405.0,1399.4,1401.5,2407313
2026-01-22 15:15:00,1401.5,1405.3,1401.4,1404.3,1787789
2026-01-23 09:15:00,1401.8,1406.9,1400.2,1406.5,427142
2026-01-23 09:30:00,1406.7,1406.7,1399.6,1400.0,362137
2026-01-23 09:45:00,1399.6,1402.6,1399.6,1400.7,160983
2026-01-23 10:00:00,1400.9,1403.0,1399.1,1402.4,162537
2026-01-23 10:15:00,1402.2,1402.5,1399.4,1401.4,153998
2026-01-23 10:30:00,1401.4,1403.5,1400.8,1401.2,227409
2026-01-23 10:45:00,1401.1,1402.0,1400.0,1400.1,145317
2026-01-23 11:00:00,1400.1,1401.0,1398.6,1399.7,127695
2026-01-23 11:15:00,1400.2,1400.3,1396.1,1398.3,149838
2026-01-23 11:30:00,1398.4,1399.1,1388.1,1388.5,355399
2026-01-23 11:45:00,1388.5,1392.2,1387.1,1391.9,288649
2026-01-23 12:00:00,1391.8,1392.0,1388.4,1388.4,141311
2026-01-23 12:15:00,1388.2,1391.6,1388.2,1390.9,166747
2026-01-23 12:30:00,1390.9,1393.4,1389.4,1391.6,183306
2026-01-23 12:45:00,1391.6,1393.9,1390.2,1390.5,303835
2026-01-23 13:00:00,1390.3,1391.0,1387.7,1390.9,814626
2026-01-23 13:15:00,1390.4,1390.9,1385.0,1385.2,406920
2026-01-23 13:30:00,1385.2,1385.3,1381.2,1381.2,329580
2026-01-23 13:45:00,1381.2,1386.5,1381.0,1385.9,346964
2026-01-23 14:00:00,1385.8,1388.8,1385.6,1387.0,267316
2026-01-23 14:15:00,1387.1,1390.5,1385.7,1388.4,346484
2026-01-23 14:30:00,1388.4,1390.4,1386.8,1389.1,993345
2026-01-23 14:45:00,1389.5,1390.2,1386.2,1387.8,430544
2026-01-23 15:00:00,1388.4,1388.4,1384.3,1384.9,1227992
2026-01-23 15:15:00,1385.0,1387.8,1385.0,1387.0,829332
2026-01-27 09:15:00,1380.0,1387.9,1368.1,1375.2,854755
2026-01-27 09:30:00,1375.0,1387.1,1373.8,1385.7,849076
2026-01-27 09:45:00,1386.0,1389.1,1383.3,1383.7,825474
2026-01-27 10:00:00,1383.3,1385.4,1381.0,1383.5,468929
2026-01-27 10:15:00,1383.6,1389.7,1383.2,1387.9,457482
2026-01-27 10:30:00,1388.4,1391.3,1380.0,1380.8,319106
2026-01-27 10:45:00,1380.8,1381.4,1375.3,1375.6,381451
2026-01-27 11:00:00,1375.5,1380.6,1375.5,1380.6,446282
2026-01-27 11:15:00,1380.5,1383.7,1379.4,1383.5,261817
2026-01-27 11:30:00,1383.5,1390.9,1383.3,1390.2,354213
2026-01-27 11:45:00,1390.1,1391.1,1385.6,1390.0,1465188
2026-01-27 12:00:00,1390.1,1391.5,1388.8,1389.7,263907
2026-01-27 12:15:00,1389.6,1390.5,1386.5,1387.4,294158
2026-01-27 12:30:00,1387.2,1387.5,1383.8,1386.0,371257
2026-01-27 12:45:00,1385.9,1386.4,1382.6,1384.1,1238561
2026-01-27 13:00:00,1384.1,1386.5,1383.2,1384.8,736985
2026-01-27 13:15:00,1385.1,1388.2,1384.6,1387.4,1081083
2026-01-27 13:30:00,1387.7,1387.8,1380.3,1382.0,975873
2026-01-27 13:45:00,1382.0,1385.0,1381.8,1384.0,670422
2026-01-27 14:00:00,1384.0,1384.2,1380.2,1381.3,849354
2026-01-27 14:15:00,1381.3,1381.4,1377.5,1378.0,1098186
2026-01-27 14:30:00,1378.0,1382.9,1376.4,1381.2,1917010
2026-01-27 14:45:00,1381.2,1382.6,1378.9,1381.7,1568210
2026-01-27 15:00:00,1381.8,1382.0,1378.6,1380.7,3029381
2026-01-27 15:15:00,1380.7,1385.0,1379.8,1384.0,3056005
2026-01-28 09:15:00,1385.0,1409.5,1385.0,1402.1,1516603
2026-01-28 09:30:00,1402.2,1404.0,1397.2,1397.5,444789
2026-01-28 09:45:00,1397.8,1400.3,1396.7,1397.9,263127
2026-01-28 10:00:00,1398.4,1398.7,1393.1,1395.6,340534
2026-01-28 10:15:00,1395.6,1398.3,1393.8,1395.7,241561
2026-01-28 10:30:00,1395.7,1399.7,1394.5,1398.0,266967
2026-01-28 10:45:00,1398.1,1401.6,1396.3,1400.4,261491
2026-01-28 11:00:00,1400.5,1402.6,1399.8,1401.9,313768
2026-01-28 11:15:00,1401.8,1402.0,1400.1,1401.4,394653
2026-01-28 11:30:00,1401.3,1402.2,1398.2,1398.9,325904
2026-01-28 11:45:00,1398.9,1402.5,1398.7,1399.4,286786
2026-01-28 12:00:00,1399.6,1400.2,1398.0,1400.0,311585
2026-01-28 12:15:00,1400.0,1400.7,1397.5,1398.0,391528
2026-01-28 12:30:00,1398.2,1398.7,1395.0,1396.3,418104
2026-01-28 12:45:00,1396.4,1398.8,1396.0,1396.3,242580
2026-01-28 13:00:00,1396.3,1397.0,1393.7,1395.0,305553
2026-01-28 13:15:00,1395.4,1397.0,1389.1,1391.8,461524
2026-01-28 13:30:00,1391.5,1393.3,1390.3,1390.3,214729
2026-01-28 13:45:00,1390.2,1395.3,1390.0,1394.5,231317
2026-01-28 14:00:00,1394.5,1395.0,1391.3,1392.0,431463
2026-01-28 14:15:00,1391.8,1393.6,1390.1,1391.6,303553
2026-01-28 14:30:00,1391.2,1392.4,1390.6,1391.4,265484
2026-01-28 14:45:00,1391.9,1394.7,1391.5,1394.7,499278
2026-01-28 15:00:00,1394.9,1396.3,1394.6,1396.1,1238147
2026-01-28 15:15:00,1396.3,1398.9,1396.2,1398.5,1148220
2026-01-29 09:15:00,1400.7,1401.7,1394.0,1397.6,1321615
2026-01-29 09:30:00,1397.6,1398.3,1390.7,1390.7,447207
2026-01-29 09:45:00,1390.9,1392.7,1387.0,1390.0,1364374
2026-01-29 10:00:00,1390.0,1392.4,1389.0,1391.4,381665
2026-01-29 10:15:00,1391.3,1392.3,1387.5,1391.0,371250
2026-01-29 10:30:00,1391.2,1392.4,1389.2,1390.3,464895
2026-01-29 10:45:00,1390.5,1394.9,1388.1,1394.6,366474
2026-01-29 11:00:00,1394.7,1395.6,1393.3,1395.5,544713
2026-01-29 11:15:00,1395.6,1395.9,1392.5,1393.2,563187
2026-01-29 11:30:00,1393.1,1394.5,1391.4,1393.3,216307
2026-01-29 11:45:00,1393.2,1394.5,1391.4,1393.7,427900
2026-01-29 12:00:00,1393.7,1393.9,1391.5,1392.4,790464
2026-01-29 12:15:00,1392.4,1392.6,1390.6,1392.3,340084
2026-01-29 12:30:00,1392.3,1396.9,1392.3,1394.8,542253
2026-01-29 12:45:00,1394.3,1397.9,1394.2,1396.8,357747
2026-01-29 13:00:00,1396.8,1397.7,1394.4,1394.8,667527
2026-01-29 13:15:00,1394.6,1395.0,1392.0,1392.6,290027
2026-01-29 13:30:00,1392.8,1397.2,1392.6,1396.7,517121
2026-01-29 13:45:00,1396.7,1399.7,1396.2,1399.7,814986
2026-01-29 14:00:00,1399.5,1399.7,1397.2,1398.6,530061
2026-01-29 14:15:00,1398.3,1398.7,1397.2,1398.3,430568
2026-01-29 14:30:00,1398.3,1401.9,1398.2,1400.0,814200
2026-01-29 14:45:00,1399.8,1400.7,1397.5,1398.0,652261
2026-01-29 15:00:00,1398.3,1398.3,1391.1,1391.1,2849586
2026-01-29 15:15:00,1391.4,1394.3,1386.5,1388.6,4777236
2026-01-30 09:15:00,1383.9,1386.9,1380.2,1384.6,281245
2026-01-30 09:30:00,1384.5,1389.0,1382.4,1387.5,250214
2026-01-30 09:45:00,1387.3,1389.4,1386.3,1387.4,184707
2026-01-30 10:00:00,1387.4,1388.5,1386.6,1388.2,133757
2026-01-30 10:15:00,1388.2,1389.1,1386.8,1388.5,181280
2026-01-30 10:30:00,1388.4,1390.3,1387.6,1388.2,112406
2026-01-30 10:45:00,1388.2,1388.5,1386.6,1388.3,124715
2026-01-30 11:00:00,1388.2,1388.6,1385.4,1386.9,131102
2026-01-30 11:15:00,1386.9,1390.2,1386.0,1386.7,1052571
2026-01-30 11:30:00,1386.7,1388.9,1386.2,1387.8,496198
2026-01-30 11:45:00,1387.7,1390.0,1386.3,1387.6,176614
2026-01-30 12:00:00,1387.9,1389.4,1387.0,1388.5,219892
2026-01-30 12:15:00,1388.5,1391.0,1387.1,1389.7,118083
2026-01-30 12:30:00,1389.8,1390.0,1388.8,1389.6,114058
2026-01-30 12:45:00,1389.5,1390.0,1388.3,1389.6,676653
2026-01-30 13:00:00,1389.6,1389.8,1385.2,1387.0,285199
2026-01-30 13:15:00,1385.9,1387.8,1385.3,1387.2,284970
2026-01-30 13:30:00,1387.0,1389.9,1386.9,1389.8,139988
2026-01-30 13:45:00,1389.9,1396.0,1389.3,1395.9,290655
2026-01-30 14:00:00,1396.0,1397.5,1391.0,1396.0,313024
2026-01-30 14:15:00,1396.0,1396.7,1393.2,1394.3,237991
2026-01-30 14:30:00,1393.8,1394.6,1389.3,1390.2,260662
2026-01-30 14:45:00,1390.3,1392.7,1389.0,1392.2,299841
2026-01-30 15:00:00,1392.2,1396.6,1390.6,1396.1,2141470
2026-01-30 15:15:00,1396.0,1397.8,1395.5,1397.0,2221687
2026-02-03 09:15:00,1473.9,1473.9,1438.4,1445.3,9017473
2026-02-03 09:30:00,1445.0,1445.5,1435.4,1436.0,1355556
2026-02-03 09:45:00,1436.0,1447.4,1435.6,1442.8,1341212
2026-02-03 10:00:00,1443.0,1445.5,1440.0,1443.9,700939
2026-02-03 10:15:00,1443.7,1455.7,1443.7,1451.0,844137
2026-02-03 10:30:00,1451.3,1452.6,1450.0,1452.5,380668
2026-02-03 10:45:00,1452.8,1453.8,1445.2,1447.6,331071
2026-02-03 11:00:00,1447.0,1451.0,1444.7,1447.1,652550
2026-02-03 11:15:00,1447.2,1449.9,1445.6,1449.5,304039
2026-02-03 11:30:00,1449.4,1454.4,1448.5,1450.5,525284
2026-02-03 11:45:00,1450.5,1451.0,1446.9,1448.1,174062
2026-02-03 12:00:00,1448.4,1448.4,1443.2,1446.4,275180
2026-02-03 12:15:00,1446.4,1446.5,1442.1,1442.8,300317
2026-02-03 12:30:00,1442.7,1444.9,1441.0,1443.2,779544
2026-02-03 12:45:00,1443.1,1445.7,1442.9,1445.2,558248
2026-02-03 13:00:00,1445.6,1446.2,1442.4,1442.8,380348
2026-02-03 13:15:00,1442.8,1445.0,1440.6,1440.8,308560
2026-02-03 13:30:00,1440.8,1445.3,1438.4,1445.2,586144
2026-02-03 13:45:00,1445.1,1445.8,1443.6,1444.0,283467
2026-02-03 14:00:00,1443.9,1444.5,1441.8,1442.5,423318
2026-02-03 14:15:00,1442.0,1444.6,1441.2,1443.5,364984
2026-02-03 14:30:00,1443.7,1445.0,1441.5,1442.1,367776
2026-02-03 14:45:00,1442.2,1443.8,1441.3,1443.1,236163
2026-02-03 15:00:00,1443.1,1443.1,1430.2,1434.5,2666682
2026-02-03 15:15:00,1434.9,1441.5,1433.6,1438.1,2297057
2026-02-04 09:15:00,1442.0,1459.0,1442.0,1458.5,509914
2026-02-04 09:30:00,1458.3,1461.7,1456.0,1458.1,476824
2026-02-04 09:45:00,1458.3,1458.8,1453.1,1458.6,220726
2026-02-04 10:00:00,1458.9,1464.0,1457.9,1459.1,494045
2026-02-04 10:15:00,1459.1,1460.0,1455.7,1456.6,265483
2026-02-04 10:30:00,1456.8,1459.4,1454.4,1455.7,229696
2026-02-04 10:45:00,1455.7,1458.0,1454.3,1455.0,273714
2026-02-04 11:00:00,1455.0,1456.3,1451.5,1452.5,196548
2026-02-04 11:15:00,1452.6,1452.7,1448.7,1450.3,197707
2026-02-04 11:30:00,1450.7,1453.1,1449.1,1453.1,196022
2026-02-04 11:45:00,1453.1,1454.8,1451.2,1454.5,188243
2026-02-04 12:00:00,1454.7,1455.0,1452.2,1452.6,195851
2026-02-04 12:15:00,1452.5,1453.7,1451.1,1453.0,137195
2026-02-04 12:30:00,1452.5,1461.5,1451.3,1456.9,487979
2026-02-04 12:45:00,1456.2,1456.7,1453.4,1453.6,192757
2026-02-04 13:00:00,1453.7,1455.5,1452.6,1454.9,248892
2026-02-04 13:15:00,1454.9,1457.0,1453.8,1456.8,193256
2026-02-04 13:30:00,1456.5,1457.0,1454.4,1455.0,159322
2026-02-04 13:45:00,1455.3,1458.5,1454.7,1455.6,186149
2026-02-04 14:00:00,1455.7,1456.9,1454.3,1456.2,114136
2026-02-04 14:15:00,1456.2,1456.8,1453.6,1454.4,176466
2026-02-04 14:30:00,1454.5,1454.6,1452.3,1452.9,141411
2026-02-04 14:45:00,1452.9,1453.0,1450.1,1450.8,215243
2026-02-04 15:00:00,1451.9,1460.7,1451.9,1456.7,1280091
2026-02-04 15:15:00,1456.9,1457.2,1454.1,1456.8,772566
2026-02-05 09:15:00,1457.4,1460.9,1445.6,1447.2,449675
2026-02-05 09:30:00,1447.6,1451.6,1446.4,1446.6,402927
2026-02-05 09:45:00,1446.6,1447.5,1442.0,1443.4,404179
2026-02-05 10:00:00,1443.2,1448.5,1443.0,1447.7,247546
2026-02-05 10:15:00,1447.3,1450.9,1447.0,1448.7,266331
2026-02-05 10:30:00,1448.5,1449.5,1443.5,1447.9,443810
2026-02-05 10:45:00,1448.0,1451.8,1445.6,1445.6,321523
2026-02-05 11:00:00,1445.7,1449.9,1445.0,1448.7,267833
2026-02-05 11:15:00,1448.9,1449.5,1444.8,1445.7,309232
2026-02-05 11:30:00,1446.0,1448.7,1444.6,1447.9,187050
2026-02-05 11:45:00,1447.9,1447.9,1444.5,1446.0,175015
2026-02-05 12:00:00,1446.0,1446.7,1444.1,1444.4,190448
2026-02-05 12:15:00,1444.4,1445.3,1443.0,1444.9,340855
2026-02-05 12:30:00,1444.9,1446.0,1442.3,1442.3,230979
2026-02-05 12:45:00,1442.4,1445.5,1441.8,1444.9,396724
2026-02-05 13:00:00,1444.9,1444.9,1442.7,1443.8,181422
2026-02-05 13:15:00,1443.5,1444.4,1440.5,1440.9,193450
2026-02-05 13:30:00,1441.1,1443.8,1440.6,1441.6,584471
2026-02-05 13:45:00,1441.6,1443.6,1441.1,1443.4,428083
2026-02-05 14:00:00,1443.6,1444.7,1439.7,1441.0,654461
2026-02-05 14:15:00,1440.9,1442.4,1440.6,1441.9,272933
2026-02-05 14:30:00,1442.0,1444.1,1441.9,1443.5,432970
2026-02-05 14:45:00,1443.5,1443.9,1442.3,1443.7,323309
2026-02-05 15:00:00,1443.7,1447.6,1440.8,1444.5,2247927
2026-02-05 15:15:00,1444.5,1444.9,1440.2,1441.9,1314974
2026-02-06 09:15:00,1439.4,1444.9,1433.5,1443.2,119515
2026-02-06 09:30:00,1443.2,1443.2,1437.0,1437.0,222961
2026-02-06 09:45:00,1437.3,1442.0,1437.3,1442.0,192992
2026-02-06 10:00:00,1442.0,1442.6,1437.5,1437.9,145438
2026-02-06 10:15:00,1437.9,1440.8,1437.5,1440.3,209793
2026-02-06 10:30:00,1440.3,1448.1,1440.0,1446.3,280583
2026-02-06 10:45:00,1446.5,1448.5,1445.4,1446.7,163596
2026-02-06 11:00:00,1446.7,1448.8,1446.2,1447.7,149622
2026-02-06 11:15:00,1448.0,1448.5,1445.4,1447.4,152896
2026-02-06 11:30:00,1447.2,1447.2,1443.6,1445.1,129464
2026-02-06 11:45:00,1445.0,1445.1,1442.7,1442.9,84776
2026-02-06 12:00:00,1443.0,1444.1,1441.8,1443.1,117357
2026-02-06 12:15:00,1443.1,1443.4,1440.6,1441.7,90261
2026-02-06 12:30:00,1441.6,1441.9,1436.4,1436.4,474192
2026-02-06 12:45:00,1436.4,1438.9,1435.0,1438.5,883048
2026-02-06 13:00:00,1438.3,1443.0,1436.8,1440.5,949685
2026-02-06 13:15:00,1440.7,1441.5,1440.1,1441.0,53971
2026-02-06 13:30:00,1439.5,1443.3,1438.9,1440.7,596253
2026-02-06 13:45:00,1440.3,1443.7,1438.4,1443.5,567412
2026-02-06 14:00:00,1443.3,1444.2,1442.0,1442.0,84756
2026-02-06 14:15:00,1442.0,1443.0,1440.0,1442.2,391887
2026-02-06 14:30:00,1442.3,1446.7,1441.8,1446.5,200198
2026-02-06 14:45:00,1446.4,1451.1,1445.0,1450.1,410308
2026-02-06 15:00:00,1450.3,1451.4,1448.8,1450.4,682265
2026-02-06 15:15:00,1450.3,1452.7,1447.7,1450.0,653415
2026-02-09 09:15:00,1457.5,1463.7,1453.5,1462.3,265825
2026-02-09 09:30:00,1461.8,1463.3,1458.7,1459.0,345390
2026-02-09 09:45:00,1458.4,1460.3,1458.1,1459.4,140460
2026-02-09 10:00:00,1459.3,1460.0,1457.6,1458.5,109860
2026-02-09 10:15:00,1458.5,1462.7,1458.5,1462.7,298766
2026-02-09 10:30:00,1462.7,1464.8,1461.9,1464.1,244093
2026-02-09 10:45:00,1464.0,1465.5,1463.4,1464.4,222587
2026-02-09 11:00:00,1464.2,1464.6,1463.2,1464.0,132646
2026-02-09 11:15:00,1464.0,1465.0,1463.0,1463.0,131437
2026-02-09 11:30:00,1463.3,1463.7,1461.0,1462.7,187993
2026-02-09 11:45:00,1462.6,1462.8,1461.2,1462.5,110659
2026-02-09 12:00:00,1462.5,1463.0,1461.8,1462.5,80889
2026-02-09 12:15:00,1462.3,1464.3,1462.1,1464.0,91081
2026-02-09 12:30:00,1464.0,1464.0,1462.7,1463.3,115224
2026-02-09 12:45:00,1463.4,1464.0,1462.0,1464.0,163759
2026-02-09 13:00:00,1464.0,1465.9,1463.6,1463.6,179106
2026-02-09 13:15:00,1463.6,1464.6,1463.1,1463.2,148832
2026-02-09 13:30:00,1463.0,1464.4,1462.5,1464.4,115721
2026-02-09 13:45:00,1464.4,1465.4,1462.1,1463.0,317274
2026-02-09 14:00:00,1462.8,1464.4,1462.1,1464.1,225811
2026-02-09 14:15:00,1464.2,1465.6,1463.0,1463.2,206531
2026-02-09 14:30:00,1463.2,1463.2,1461.3,1461.6,179239
2026-02-09 14:45:00,1461.6,1461.9,1460.4,1461.4,192473
2026-02-09 15:00:00,1461.5,1461.9,1461.3,1461.5,554779
2026-02-09 15:15:00,1461.7,1462.5,1460.9,1461.6,591829
2026-02-10 09:15:00,1467.8,1470.0,1464.5,1467.2,148574
2026-02-10 09:30:00,1467.4,1469.0,1465.8,1466.2,184354
2026-02-10 09:45:00,1466.2,1467.0,1464.0,1466.7,141147
2026-02-10 10:00:00,1467.0,1467.2,1463.1,1463.1,101356
2026-02-10 10:15:00,1463.1,1464.4,1463.0,1463.5,85280
2026-02-10 10:30:00,1463.5,1465.0,1463.5,1464.5,106897
2026-02-10 10:45:00,1464.4,1466.0,1463.6,1465.3,141109
2026-02-10 11:00:00,1465.3,1466.0,1463.8,1465.4,111526
2026-02-10 11:15:00,1465.6,1466.4,1462.3,1462.7,206233
2026-02-10 11:30:00,1462.7,1464.5,1462.0,1462.0,255305
2026-02-10 11:45:00,1462.0,1462.3,1460.1,1461.0,109858
2026-02-10 12:00:00,1461.0,1461.1,1458.5,1459.6,120922
2026-02-10 12:15:00,1459.9,1459.9,1456.0,1456.8,202551
2026-02-10 12:30:00,1456.8,1457.5,1455.5,1457.5,162939
2026-02-10 12:45:00,1457.5,1460.9,1457.5,1457.6,439527
2026-02-10 13:00:00,1457.7,1460.4,1455.7,1460.0,837017
2026-02-10 13:15:00,1460.0,1461.3,1455.1,1455.3,321758
2026-02-10 13:30:00,1455.2,1455.5,1453.3,1454.0,174341
2026-02-10 13:45:00,1454.2,1456.0,1453.5,1454.2,198199
2026-02-10 14:00:00,1454.2,1454.9,1452.2,1454.9,385255
2026-02-10 14:15:00,1455.4,1456.3,1454.6,1454.8,263670
2026-02-10 14:30:00,1454.9,1456.9,1454.7,1455.8,262421
2026-02-10 14:45:00,1455.8,1458.0,1455.8,1457.8,166320
2026-02-10 15:00:00,1457.8,1463.3,1456.1,1456.6,3356444
2026-02-10 15:15:00,1456.7,1459.1,1454.4,1458.5,1430100
2026-02-11 09:15:00,1459.8,1463.7,1454.7,1462.0,171212
2026-02-11 09:30:00,1462.0,1462.4,1459.0,1460.0,226245
2026-02-11 09:45:00,1460.1,1460.1,1455.1,1457.9,166067
2026-02-11 10:00:00,1457.8,1459.7,1455.7,1458.2,122738
2026-02-11 10:15:00,1458.2,1463.3,1458.0,1463.2,159524
2026-02-11 10:30:00,1463.3,1464.9,1462.8,1463.9,262436
2026-02-11 10:45:00,1463.9,1464.9,1462.7,1463.1,132575
2026-02-11 11:00:00,1463.3,1463.3,1461.3,1462.6,130308
2026-02-11 11:15:00,1462.6,1463.2,1459.9,1461.4,153928
2026-02-11 11:30:00,1461.4,1463.3,1460.9,1460.9,115195
2026-02-11 11:45:00,1461.0,1463.0,1460.6,1461.6,127442
2026-02-11 12:00:00,1461.7,1466.6,1461.6,1466.3,270698
2026-02-11 12:15:00,1466.4,1466.9,1464.6,1465.3,271689
2026-02-11 12:30:00,1465.3,1466.0,1463.8,1464.8,290881
2026-02-11 12:45:00,1464.8,1466.6,1463.5,1464.4,461124
2026-02-11 13:00:00,1464.4,1464.9,1461.1,1464.3,272786
2026-02-11 13:15:00,1464.2,1465.2,1463.3,1464.8,122100
2026-02-11 13:30:00,1464.8,1467.2,1464.8,1465.9,229431
2026-02-11 13:45:00,1465.7,1465.8,1464.0,1464.0,274940
2026-02-11 14:00:00,1464.1,1466.9,1463.4,1466.9,135698
2026-02-11 14:15:00,1466.8,1468.7,1466.8,1467.2,195332
2026-02-11 14:30:00,1466.8,1468.6,1466.5,1467.8,269048
2026-02-11 14:45:00,1467.8,1469.1,1466.6,1466.6,455203
2026-02-11 15:00:00,1466.7,1469.5,1466.7,1468.8,866770
2026-02-11 15:15:00,1468.8,1469.9,1468.0,1468.0,892356
2026-02-12 09:15:00,1468.7,1473.0,1465.1,1466.6,173941
2026-02-12 09:30:00,1466.8,1466.8,1463.4,1464.5,157418
2026-02-12 09:45:00,1464.4,1465.4,1463.2,1464.1,117166
2026-02-12 10:00:00,1464.0,1464.9,1461.8,1464.4,199516
2026-02-12 10:15:00,1464.4,1465.7,1462.7,1465.3,136302
2026-02-12 10:30:00,1465.8,1466.8,1463.0,1463.4,137708
2026-02-12 10:45:00,1463.3,1463.5,1460.8,1462.1,139161
2026-02-12 11:00:00,1462.2,1463.0,1461.3,1462.2,90617
2026-02-12 11:15:00,1461.6,1461.6,1456.0,1457.4,239205
2026-02-12 11:30:00,1457.5,1458.7,1456.4,1458.2,208497
2026-02-12 11:45:00,1458.2,1459.9,1457.2,1459.5,469613
2026-02-12 12:00:00,1459.5,1459.7,1456.6,1457.2,294711
2026-02-12 12:15:00,1457.0,1457.5,1456.1,1456.2,122393
2026-02-12 12:30:00,1456.2,1456.7,1453.4,1456.0,251883
2026-02-12 12:45:00,1456.0,1456.7,1454.4,1454.9,136814
2026-02-12 13:00:00,1454.9,1455.4,1453.1,1454.7,519723
2026-02-12 13:15:00,1454.9,1458.8,1454.8,1455.9,711385
2026-02-12 13:30:00,1456.2,1457.7,1454.2,1455.3,526721
2026-02-12 13:45:00,1455.3,1456.4,1453.0,1453.0,466692
2026-02-12 14:00:00,1452.8,1452.8,1449.5,1449.9,334020
2026-02-12 14:15:00,1449.9,1452.2,1449.7,1450.7,367833
2026-02-12 14:30:00,1450.8,1452.5,1448.5,1449.3,609367
2026-02-12 14:45:00,1449.3,1449.6,1445.5,1447.3,429475
2026-02-12 15:00:00,1448.4,1453.8,1445.7,1447.7,2901134
2026-02-12 15:15:00,1447.3,1450.2,1445.6,1448.9,1158685
2026-02-13 09:15:00,1445.6,1449.5,1438.5,1443.0,135845
2026-02-13 09:30:00,1443.2,1443.2,1437.5,1439.8,285377
2026-02-13 09:45:00,1439.5,1439.5,1433.0,1434.3,239956
2026-02-13 10:00:00,1434.6,1436.5,1432.0,1432.3,221024
2026-02-13 10:15:00,1432.3,1432.3,1427.5,1429.9,477728
2026-02-13 10:30:00,1430.2,1432.9,1429.7,1430.2,201071
2026-02-13 10:45:00,1430.6,1430.6,1428.0,1428.7,119751
2026-02-13 11:00:00,1429.3,1429.3,1425.3,1426.9,203787
2026-02-13 11:15:00,1426.7,1427.0,1423.1,1423.6,174689
2026-02-13 11:30:00,1423.6,1423.6,1418.0,1420.1,303475
2026-02-13 11:45:00,1420.5,1423.2,1419.0,1422.9,218387
2026-02-13 12:00:00,1422.9,1423.8,1420.3,1421.6,209641
2026-02-13 12:15:00,1421.6,1425.8,1420.0,1424.8,328461
2026-02-13 12:30:00,1424.6,1426.5,1422.7,1425.9,186211
2026-02-13 12:45:00,1425.9,1426.8,1422.3,1423.4,232370
2026-02-13 13:00:00,1423.7,1425.7,1422.5,1425.1,178809
2026-02-13 13:15:00,1425.0,1425.3,1419.6,1420.3,226597
2026-02-13 13:30:00,1420.3,1421.5,1419.2,1420.1,290503
2026-02-13 13:45:00,1420.1,1421.4,1417.5,1418.2,1551089
2026-02-13 14:00:00,1418.0,1421.7,1416.4,1421.6,880572
2026-02-13 14:15:00,1421.6,1426.8,1421.5,1422.5,623946
2026-02-13 14:30:00,1423.0,1423.8,1419.0,1419.5,321823
2026-02-13 14:45:00,1419.5,1424.9,1418.5,1422.8,1118419
2026-02-13 15:00:00,1422.8,1423.0,1418.2,1418.9,784820
2026-02-13 15:15:00,1419.0,1420.8,1417.6,1418.8,876017
2026-02-16 09:15:00,1420.0,1423.2,1417.3,1417.3,200709
2026-02-16 09:30:00,1417.6,1419.3,1410.1,1410.1,293671
2026-02-16 09:45:00,1410.0,1415.0,1409.3,1414.8,151907
2026-02-16 10:00:00,1414.8,1418.0,1414.2,1418.0,140104
2026-02-16 10:15:00,1418.0,1420.5,1416.5,1416.8,195896
2026-02-16 10:30:00,1416.8,1421.5,1415.6,1421.2,95645
2026-02-16 10:45:00,1421.2,1422.8,1420.0,1421.0,108591
2026-02-16 11:00:00,1421.0,1422.8,1419.9,1422.5,66160
2026-02-16 11:15:00,1422.0,1422.9,1420.1,1421.0,121233
2026-02-16 11:30:00,1421.0,1422.0,1419.7,1420.0,83640
2026-02-16 11:45:00,1420.0,1420.9,1417.8,1420.8,67578
2026-02-16 12:00:00,1420.5,1423.6,1420.4,1422.6,88351
2026-02-16 12:15:00,1422.1,1423.3,1421.4,1422.8,79951
2026-02-16 12:30:00,1423.4,1423.4,1420.0,1420.9,140638
2026-02-16 12:45:00,1420.9,1421.9,1419.1,1421.5,124095
2026-02-16 13:00:00,1421.8,1424.5,1421.8,1423.5,112541
2026-02-16 13:15:00,1423.5,1424.1,1421.1,1422.0,139917
2026-02-16 13:30:00,1421.9,1425.3,1421.2,1425.1,245554
2026-02-16 13:45:00,1425.0,1426.3,1421.2,1424.1,440421
2026-02-16 14:00:00,1423.8,1426.0,1423.3,1426.0,450922
2026-02-16 14:15:00,1426.0,1433.3,1424.4,1431.7,323468
2026-02-16 14:30:00,1431.8,1439.6,1431.8,1436.0,624072
2026-02-16 14:45:00,1436.0,1438.7,1434.6,1435.7,217886
2026-02-16 15:00:00,1435.6,1439.0,1435.6,1438.2,404404
2026-02-16 15:15:00,1438.2,1438.7,1434.1,1435.8,537394
2026-02-17 09:15:00,1431.4,1431.4,1423.4,1423.7,144121
2026-02-17 09:30:00,1424.1,1424.7,1421.7,1424.4,211466
2026-02-17 09:45:00,1425.2,1427.5,1423.7,1424.6,221620
2026-02-17 10:00:00,1424.5,1424.6,1423.3,1424.0,90863
2026-02-17 10:15:00,1424.0,1425.5,1421.5,1425.2,140787
2026-02-17 10:30:00,1425.2,1425.4,1420.0,1420.2,183069
2026-02-17 10:45:00,1420.2,1421.4,1418.6,1421.3,99147
2026-02-17 11:00:00,1421.3,1421.4,1419.3,1420.5,90990
2026-02-17 11:15:00,1420.6,1422.4,1420.1,1420.6,154338
2026-02-17 11:30:00,1420.7,1423.5,1419.8,1421.8,481119
2026-02-17 11:45:00,1421.6,1424.0,1421.6,1423.3,275442
2026-02-17 12:00:00,1423.3,1425.6,1423.2,1423.4,249723
2026-02-17 12:15:00,1423.3,1425.3,1423.3,1424.6,243957
2026-02-17 12:30:00,1424.4,1425.1,1424.0,1424.3,138734
2026-02-17 12:45:00,1424.3,1426.2,1424.0,1424.4,124987
2026-02-17 13:00:00,1424.2,1424.9,1421.6,1422.2,1039710
2026-02-17 13:15:00,1422.6,1424.9,1421.2,1423.7,734278
2026-02-17 13:30:00,1423.8,1426.5,1422.6,1423.7,537579
2026-02-17 13:45:00,1423.4,1424.3,1421.8,1422.3,237895
2026-02-17 14:00:00,1422.0,1424.6,1420.1,1421.0,465152
2026-02-17 14:15:00,1420.9,1424.7,1419.8,1422.2,622929
2026-02-17 14:30:00,1422.0,1424.4,1420.7,1421.6,609935
2026-02-17 14:45:00,1421.6,1422.7,1420.5,1421.7,429451
2026-02-17 15:00:00,1422.0,1425.7,1420.4,1423.0,2442129
2026-02-17 15:15:00,1423.0,1424.3,1421.1,1424.2,592347
2026-02-18 09:15:00,1426.7,1429.0,1423.4,1429.0,137491
2026-02-18 09:30:00,1428.5,1429.3,1423.9,1426.0,371597
2026-02-18 09:45:00,1425.9,1426.0,1420.4,1421.1,134917
2026-02-18 10:00:00,1421.0,1421.7,1419.9,1420.3,113281
2026-02-18 10:15:00,1419.9,1421.9,1419.2,1421.3,96081
2026-02-18 10:30:00,1421.1,1422.0,1419.7,1421.2,66249
2026-02-18 10:45:00,1421.1,1423.9,1420.8,1423.8,79737
2026-02-18 11:00:00,1423.9,1425.2,1423.3,1425.2,255315
2026-02-18 11:15:00,1424.3,1425.9,1423.2,1425.6,170609
2026-02-18 11:30:00,1425.6,1427.5,1425.1,1426.3,109992
2026-02-18 11:45:00,1426.1,1426.8,1425.7,1426.8,52223
2026-02-18 12:00:00,1426.8,1428.8,1426.4,1427.8,80699
2026-02-18 12:15:00,1427.6,1429.9,1427.4,1427.9,108712
2026-02-18 12:30:00,1428.4,1431.0,1427.5,1430.9,143956
2026-02-18 12:45:00,1431.4,1431.7,1429.1,1431.7,128062
2026-02-18 13:00:00,1431.7,1435.0,1431.6,1434.2,299668
2026-02-18 13:15:00,1434.4,1437.0,1431.5,1433.0,735205
2026-02-18 13:30:00,1432.8,1433.5,1431.5,1432.3,106700
2026-02-18 13:45:00,1432.2,1434.4,1430.5,1432.7,370781
2026-02-18 14:00:00,1432.7,1434.9,1431.9,1434.6,251580
2026-02-18 14:15:00,1434.7,1437.5,1433.6,1437.0,214373
2026-02-18 14:30:00,1436.6,1437.8,1436.0,1437.3,143592
2026-02-18 14:45:00,1437.3,1440.7,1437.0,1439.5,245836
2026-02-18 15:00:00,1440.1,1442.1,1439.3,1441.9,464073
2026-02-18 15:15:00,1441.9,1442.0,1440.3,1441.3,484648
2026-02-19 09:15:00,1442.8,1443.0,1435.5,1436.4,190771
2026-02-19 09:30:00,1436.3,1437.0,1434.3,1435.5,268488
2026-02-19 09:45:00,1435.7,1435.7,1432.5,1433.1,167253
2026-02-19 10:00:00,1433.1,1433.4,1429.2,1429.2,187452
2026-02-19 10:15:00,1429.6,1432.0,1429.4,1431.0,103726
2026-02-19 10:30:00,1430.9,1431.8,1427.0,1428.5,109519
2026-02-19 10:45:00,1428.3,1429.1,1427.3,1428.0,71880
2026-02-19 11:00:00,1428.3,1429.5,1427.5,1427.7,66571
2026-02-19 11:15:00,1427.5,1428.2,1425.2,1426.0,75493
2026-02-19 11:30:00,1425.8,1426.1,1424.0,1425.8,103183
2026-02-19 11:45:00,1425.7,1426.2,1424.1,1424.9,85135
2026-02-19 12:00:00,1424.8,1425.0,1421.0,1421.1,108637
2026-02-19 12:15:00,1421.0,1424.0,1419.2,1421.6,333726
2026-02-19 12:30:00,1421.4,1421.6,1416.9,1418.3,151341
2026-02-19 12:45:00,1418.1,1420.4,1417.2,1419.1,181981
2026-02-19 13:00:00,1418.6,1421.6,1417.5,1418.3,624231
2026-02-19 13:15:00,1418.3,1422.5,1417.6,1420.6,453436
2026-02-19 13:30:00,1420.5,1420.5,1417.0,1417.6,368135
2026-02-19 13:45:00,1417.7,1417.9,1414.0,1415.7,484111
2026-02-19 14:00:00,1415.7,1416.2,1413.6,1414.2,477564
2026-02-19 14:15:00,1414.1,1416.6,1412.3,1412.4,917639
2026-02-19 14:30:00,1412.9,1415.3,1411.8,1411.8,268090
2026-02-19 14:45:00,1411.6,1413.4,1410.8,1412.5,330101
2026-02-19 15:00:00,1412.5,1414.5,1407.1,1409.3,4178747
2026-02-19 15:15:00,1409.4,1409.4,1401.1,1407.3,1279664
2026-02-20 09:15:00,1409.5,1413.9,1407.1,1408.6,163533
2026-02-20 09:30:00,1408.9,1417.5,1408.5,1417.3,681643
2026-02-20 09:45:00,1417.3,1417.5,1414.4,1415.5,134996
2026-02-20 10:00:00,1415.5,1415.5,1410.5,1410.8,144632
2026-02-20 10:15:00,1411.0,1415.8,1411.0,1414.7,155535
2026-02-20 10:30:00,1415.2,1420.0,1413.5,1420.0,349335
2026-02-20 10:45:00,1420.0,1421.8,1418.9,1420.6,207009
2026-02-20 11:00:00,1420.7,1422.0,1419.0,1420.3,138392
2026-02-20 11:15:00,1420.1,1421.9,1419.5,1421.0,110687
2026-02-20 11:30:00,1421.1,1423.0,1420.3,1422.6,83293
2026-02-20 11:45:00,1422.8,1423.8,1420.8,1422.2,110187
2026-02-20 12:00:00,1422.1,1422.8,1420.3,1422.4,60110
2026-02-20 12:15:00,1422.5,1426.5,1422.2,1426.2,232557
2026-02-20 12:30:00,1426.0,1426.2,1423.3,1424.7,491667
2026-02-20 12:45:00,1424.8,1427.3,1423.1,1425.2,299499
2026-02-20 13:00:00,1425.2,1426.8,1420.4,1421.9,293626
2026-02-20 13:15:00,1421.8,1421.9,1419.0,1421.4,396839
2026-02-20 13:30:00,1420.7,1425.0,1419.5,1420.0,658643
2026-02-20 13:45:00,1420.1,1422.1,1418.5,1421.9,251541
2026-02-20 14:00:00,1421.9,1423.7,1420.2,1422.4,162026
2026-02-20 14:15:00,1422.4,1426.0,1420.6,1421.3,697911
2026-02-20 14:30:00,1421.3,1424.2,1420.7,1423.1,146907
2026-02-20 14:45:00,1423.7,1425.5,1422.0,1425.5,191739
2026-02-20 15:00:00,1425.7,1426.0,1417.7,1418.7,906719
2026-02-20 15:15:00,1418.7,1420.8,1418.0,1419.4,794215
2026-02-23 09:15:00,1426.0,1434.9,1423.0,1433.6,233667
2026-02-23 09:30:00,1433.6,1434.5,1430.1,1432.0,212743
2026-02-23 09:45:00,1432.0,1432.3,1427.9,1428.1,211472
2026-02-23 10:00:00,1428.0,1429.9,1425.1,1426.0,185084
2026-02-23 10:15:00,1426.0,1428.0,1424.6,1425.0,151304
2026-02-23 10:30:00,1425.6,1426.7,1423.2,1423.2,209195
2026-02-23 10:45:00,1423.2,1427.4,1422.3,1424.8,276515
2026-02-23 11:00:00,1424.8,1427.9,1424.6,1427.8,219176
2026-02-23 11:15:00,1427.8,1427.9,1424.1,1424.8,118363
2026-02-23 11:30:00,1424.9,1424.9,1422.3,1422.7,98003
2026-02-23 11:45:00,1422.7,1422.9,1419.2,1420.6,144051
2026-02-23 12:00:00,1420.6,1423.5,1420.1,1423.0,159992
2026-02-23 12:15:00,1422.8,1424.0,1420.3,1420.8,108594
2026-02-23 12:30:00,1420.9,1425.8,1420.0,1425.6,396341
2026-02-23 12:45:00,1425.8,1426.2,1422.1,1423.1,496379
2026-02-23 13:00:00,1423.1,1425.2,1422.3,1424.5,449585
2026-02-23 13:15:00,1424.7,1425.3,1422.9,1424.7,214289
2026-02-23 13:30:00,1424.7,1425.8,1420.3,1423.5,802967
2026-02-23 13:45:00,1423.6,1423.8,1419.6,1419.8,151343
2026-02-23 14:00:00,1419.8,1420.6,1418.5,1419.0,241726
2026-02-23 14:15:00,1418.9,1425.5,1418.5,1425.3,197363
2026-02-23 14:30:00,1425.5,1427.5,1423.3,1426.5,511466
2026-02-23 14:45:00,1426.5,1428.2,1423.0,1423.0,290261
2026-02-23 15:00:00,1423.8,1429.0,1423.5,1428.8,737472
2026-02-23 15:15:00,1428.7,1430.0,1424.5,1428.0,624783
2026-02-24 09:15:00,1427.0,1427.3,1420.8,1424.4,177887
2026-02-24 09:30:00,1424.3,1424.3,1417.5,1418.7,229569
2026-02-24 09:45:00,1418.9,1423.9,1418.7,1420.1,128069
2026-02-24 10:00:00,1420.3,1420.9,1416.5,1417.2,153531
2026-02-24 10:15:00,1416.7,1417.8,1415.0,1415.3,200740
2026-02-24 10:30:00,1415.3,1417.4,1415.0,1416.9,144530
2026-02-24 10:45:00,1416.9,1417.7,1415.2,1415.9,157089
2026-02-24 11:00:00,1415.6,1421.7,1415.3,1420.4,186014
2026-02-24 11:15:00,1420.5,1421.5,1419.2,1421.4,232273
2026-02-24 11:30:00,1421.5,1422.4,1419.2,1420.8,210017
2026-02-24 11:45:00,1420.8,1422.3,1420.4,1421.2,231217
2026-02-24 12:00:00,1421.0,1422.4,1419.8,1422.0,204434
2026-02-24 12:15:00,1422.5,1423.9,1421.2,1423.6,540184
2026-02-24 12:30:00,1423.6,1425.8,1422.1,1423.1,279626
2026-02-24 12:45:00,1423.1,1423.8,1420.6,1422.7,245980
2026-02-24 13:00:00,1422.7,1425.0,1421.8,1424.2,326190
2026-02-24 13:15:00,1424.4,1424.4,1422.2,1422.4,286101
2026-02-24 13:30:00,1422.4,1422.7,1419.1,1420.6,336934
2026-02-24 13:45:00,1420.7,1423.9,1420.0,1422.2,489517
2026-02-24 14:00:00,1422.3,1427.2,1421.6,1427.0,660597
2026-02-24 14:15:00,1427.0,1428.9,1423.3,1425.7,1445367
2026-02-24 14:30:00,1425.7,1428.7,1424.2,1424.2,703765
2026-02-24 14:45:00,1424.3,1426.9,1422.7,1426.1,766652
2026-02-24 15:00:00,1426.4,1430.7,1424.1,1429.3,2375677
2026-02-24 15:15:00,1429.1,1433.3,1429.1,1432.0,1419102
2026-02-25 09:15:00,1435.0,1440.5,1432.0,1433.7,154064
2026-02-25 09:30:00,1433.5,1434.6,1430.5,1430.8,178301
2026-02-25 09:45:00,1430.4,1433.1,1430.0,1432.9,94981
2026-02-25 10:00:00,1433.0,1435.0,1432.5,1432.5,143291
2026-02-25 10:15:00,1433.0,1434.7,1432.6,1433.2,105661
2026-02-25 10:30:00,1433.2,1435.8,1431.2,1431.2,346885
2026-02-25 10:45:00,1431.2,1431.8,1429.1,1430.2,196590
2026-02-25 11:00:00,1430.2,1431.7,1430.0,1430.7,181361
2026-02-25 11:15:00,1430.7,1431.9,1428.8,1431.0,223951
2026-02-25 11:30:00,1431.1,1431.1,1428.2,1429.8,223846
2026-02-25 11:45:00,1430.0,1430.8,1428.6,1429.5,66389
2026-02-25 12:00:00,1429.5,1430.2,1427.4,1429.0,228317
2026-02-25 12:15:00,1429.3,1429.9,1427.3,1428.0,195390
2026-02-25 12:30:00,1427.9,1428.0,1419.4,1419.9,466860
2026-02-25 12:45:00,1419.9,1419.9,1413.4,1414.0,555441
2026-02-25 13:00:00,1414.0,1414.0,1410.1,1412.4,374316
2026-02-25 13:15:00,1412.3,1414.7,1407.3,1410.6,611491
2026-02-25 13:30:00,1410.6,1411.5,1408.1,1409.4,278408
2026-02-25 13:45:00,1409.4,1411.5,1407.3,1411.4,174041
2026-02-25 14:00:00,1411.5,1411.5,1407.9,1410.9,413536
2026-02-25 14:15:00,1410.9,1414.8,1407.5,1407.5,1253891
2026-02-25 14:30:00,1407.7,1411.1,1405.6,1408.2,693668
2026-02-25 14:45:00,1408.2,1408.9,1398.2,1400.6,665077
2026-02-25 15:00:00,1400.6,1402.9,1393.5,1395.3,1287798
2026-02-25 15:15:00,1395.4,1400.9,1395.4,1400.7,1069625
2026-02-26 09:15:00,1400.0,1406.1,1397.0,1401.6,276323
2026-02-26 09:30:00,1401.9,1403.0,1400.4,1401.4,217386
2026-02-26 09:45:00,1401.3,1402.5,1397.0,1399.0,200763
2026-02-26 10:00:00,1399.2,1402.0,1398.8,1401.4,149420
2026-02-26 10:15:00,1401.3,1404.0,1400.5,1400.7,139672
2026-02-26 10:30:00,1400.7,1403.0,1400.3,1401.4,148844
2026-02-26 10:45:00,1401.5,1403.9,1401.1,1403.3,130287
2026-02-26 11:00:00,1403.4,1406.7,1402.1,1406.0,201596
2026-02-26 11:15:00,1405.8,1409.1,1405.2,1405.5,491710
2026-02-26 11:30:00,1405.5,1407.0,1392.1,1393.5,911612
2026-02-26 11:45:00,1393.3,1401.7,1392.1,1396.9,896526
2026-02-26 12:00:00,1396.9,1404.2,1396.5,1401.4,629455
2026-02-26 12:15:00,1401.5,1402.9,1395.4,1401.0,797078
2026-02-26 12:30:00,1401.0,1408.4,1401.0,1408.1,850107
2026-02-26 12:45:00,1408.0,1408.5,1398.9,1398.9,1037573
2026-02-26 13:00:00,1399.3,1406.0,1398.9,1401.8,422155
2026-02-26 13:15:00,1401.6,1404.7,1400.5,1402.6,269825
2026-02-26 13:30:00,1402.6,1404.0,1400.6,1400.6,216626
2026-02-26 13:45:00,1401.1,1406.9,1400.6,1406.8,954525
2026-02-26 14:00:00,1406.8,1406.9,1401.3,1406.0,412650
2026-02-26 14:15:00,1406.2,1406.6,1403.8,1404.5,380456
2026-02-26 14:30:00,1404.5,1409.5,1402.3,1409.5,994760
2026-02-26 14:45:00,1409.9,1410.7,1405.0,1406.3,897116
2026-02-26 15:00:00,1406.5,1412.9,1401.7,1404.0,3665040
2026-02-26 15:15:00,1403.9,1409.6,1403.5,1406.8,739409
2026-02-27 09:15:00,1400.5,1402.4,1388.1,1392.4,300878
2026-02-27 09:30:00,1392.4,1394.5,1392.0,1392.9,201128
2026-02-27 09:45:00,1392.9,1393.5,1390.5,1392.7,160303
2026-02-27 10:00:00,1392.7,1397.4,1392.1,1397.3,311029
2026-02-27 10:15:00,1397.3,1399.0,1395.2,1398.3,203469
2026-02-27 10:30:00,1398.3,1401.9,1397.9,1400.6,346393
2026-02-27 10:45:00,1400.6,1402.5,1399.8,1401.2,216616
2026-02-27 11:00:00,1401.3,1403.6,1401.3,1403.0,136676
2026-02-27 11:15:00,1403.0,1404.0,1401.0,1401.8,255244
2026-02-27 11:30:00,1401.9,1402.1,1398.5,1402.1,437430
2026-02-27 11:45:00,1402.0,1407.4,1402.0,1405.9,516961
2026-02-27 12:00:00,1405.9,1407.2,1404.3,1405.7,181535
2026-02-27 12:15:00,1406.1,1408.7,1405.1,1408.0,154407
2026-02-27 12:30:00,1408.0,1410.2,1405.0,1405.2,513790
2026-02-27 12:45:00,1405.3,1407.5,1404.3,1405.1,126652
2026-02-27 13:00:00,1405.0,1406.3,1404.8,1405.5,70226
2026-02-27 13:15:00,1405.5,1407.3,1405.1,1406.8,107616
2026-02-27 13:30:00,1406.7,1406.9,1404.2,1405.6,217317
2026-02-27 13:45:00,1405.7,1408.5,1405.5,1408.3,111390
2026-02-27 14:00:00,1408.3,1409.4,1406.3,1407.8,160597
2026-02-27 14:15:00,1407.8,1408.0,1404.8,1405.0,128483
2026-02-27 14:30:00,1405.0,1406.5,1403.0,1403.6,235794
2026-02-27 14:45:00,1403.6,1405.5,1403.0,1405.2,158791
2026-02-27 15:00:00,1405.2,1405.2,1390.5,1391.2,3296631
2026-02-27 15:15:00,1391.1,1394.9,1391.1,1394.8,2917219
2026-03-02 09:15:00,1376.9,1377.2,1362.7,1367.5,606046
2026-03-02 09:30:00,1367.5,1378.2,1367.2,1374.9,611681
2026-03-02 09:45:00,1374.7,1377.5,1371.2,1375.6,344581
2026-03-02 10:00:00,1375.6,1376.3,1364.1,1366.6,872569
2026-03-02 10:15:00,1366.5,1367.2,1363.4,1364.4,383486
2026-03-02 10:30:00,1364.4,1366.1,1363.5,1363.7,343470
2026-03-02 10:45:00,1363.8,1367.2,1363.6,1366.1,329168
2026-03-02 11:00:00,1366.1,1366.5,1364.0,1364.1,269648
2026-03-02 11:15:00,1364.1,1364.3,1358.6,1359.8,616269
2026-03-02 11:30:00,1359.8,1365.2,1359.0,1363.0,719058
2026-03-02 11:45:00,1363.3,1364.0,1361.2,1361.6,254553
2026-03-02 12:00:00,1361.4,1361.5,1358.9,1358.9,253300
2026-03-02 12:15:00,1358.9,1360.1,1355.0,1357.0,653730
2026-03-02 12:30:00,1356.8,1358.3,1353.2,1353.9,906200
2026-03-02 12:45:00,1353.6,1356.1,1351.3,1353.8,754431
2026-03-02 13:00:00,1353.9,1354.3,1351.0,1351.9,417595
2026-03-02 13:15:00,1351.9,1352.4,1347.8,1348.3,700477
2026-03-02 13:30:00,1349.0,1351.5,1346.9,1349.2,861496
2026-03-02 13:45:00,1349.2,1349.5,1342.5,1343.0,577740
2026-03-02 14:00:00,1343.0,1354.9,1341.6,1353.9,1226209
2026-03-02 14:15:00,1353.8,1354.2,1345.5,1346.0,1040923
2026-03-02 14:30:00,1346.0,1357.4,1346.0,1356.5,1739949
2026-03-02 14:45:00,1356.3,1359.7,1353.5,1355.7,902471
2026-03-02 15:00:00,1355.7,1361.6,1354.0,1360.6,4976947
2026-03-02 15:15:00,1360.6,1361.7,1356.6,1360.0,2306019
2026-03-04 09:15:00,1330.1,1337.5,1308.7,1311.5,2859520
2026-03-04 09:30:00,1311.5,1316.1,1307.2,1316.0,2365486
2026-03-04 09:45:00,1315.4,1321.1,1314.7,1320.4,925375
2026-03-04 10:00:00,1320.3,1331.8,1318.4,1331.6,1341046
2026-03-04 10:15:00,1331.5,1338.8,1329.7,1337.9,1333026
2026-03-04 10:30:00,1338.2,1341.0,1335.7,1336.7,807079
2026-03-04 10:45:00,1336.7,1340.5,1335.0,1340.0,686953
2026-03-04 11:00:00,1340.0,1348.0,1339.1,1343.8,1078720
2026-03-04 11:15:00,1343.8,1347.3,1341.5,1341.8,868488
2026-03-04 11:30:00,1342.1,1345.0,1340.1,1340.4,787223
2026-03-04 11:45:00,1340.5,1345.7,1338.2,1345.5,536202
2026-03-04 12:00:00,1345.2,1346.8,1344.0,1344.5,324560
2026-03-04 12:15:00,1344.5,1345.4,1342.9,1344.8,564739
2026-03-04 12:30:00,1345.0,1345.4,1341.9,1344.3,408126
2026-03-04 12:45:00,1344.4,1347.0,1342.3,1345.3,500565
2026-03-04 13:00:00,1345.4,1346.0,1340.3,1341.6,388490
2026-03-04 13:15:00,1341.5,1342.4,1337.5,1338.7,666287
2026-03-04 13:30:00,1338.7,1340.2,1334.2,1339.6,1333824
2026-03-04 13:45:00,1339.6,1340.3,1336.2,1339.2,792930
2026-03-04 14:00:00,1339.2,1347.5,1339.0,1345.5,854923
2026-03-04 14:15:00,1345.6,1347.7,1343.1,1346.5,1539703
2026-03-04 14:30:00,1346.5,1351.3,1344.6,1349.5,1427111
2026-03-04 14:45:00,1349.4,1352.8,1347.4,1351.8,1314270
2026-03-04 15:00:00,1351.5,1351.5,1340.0,1343.7,2766460
2026-03-04 15:15:00,1343.7,1349.4,1343.0,1345.3,2244379
2026-03-05 09:15:00,1354.9,1378.8,1354.9,1373.8,972361
2026-03-05 09:30:00,1373.3,1380.2,1371.0,1376.4,1747606
2026-03-05 09:45:00,1376.4,1385.6,1375.1,1384.9,1135995
2026-03-05 10:00:00,1384.6,1387.2,1383.4,1384.0,843164
2026-03-05 10:15:00,1384.4,1385.5,1374.7,1377.5,1147758
2026-03-05 10:30:00,1377.5,1384.5,1375.1,1384.1,435140
2026-03-05 10:45:00,1383.7,1385.5,1381.7,1384.0,344461
2026-03-05 11:00:00,1383.9,1385.5,1381.5,1382.6,430188
2026-03-05 11:15:00,1382.6,1385.0,1380.2,1380.7,332636
2026-03-05 11:30:00,1380.8,1385.9,1380.8,1382.2,581781
2026-03-05 11:45:00,1382.7,1383.2,1379.4,1382.7,915761
2026-03-05 12:00:00,1382.7,1388.3,1382.4,1385.7,1159684
2026-03-05 12:15:00,1385.6,1386.4,1383.2,1384.8,526384
2026-03-05 12:30:00,1384.8,1385.9,1383.0,1384.9,182124
2026-03-05 12:45:00,1384.7,1385.1,1383.2,1383.6,246177
2026-03-05 13:00:00,1383.3,1383.6,1381.1,1381.6,294735
2026-03-05 13:15:00,1381.7,1384.3,1380.8,1384.3,552025
2026-03-05 13:30:00,1384.4,1386.2,1381.4,1382.8,1149553
2026-03-05 13:45:00,1382.8,1383.5,1379.4,1380.6,721162
2026-03-05 14:00:00,1380.6,1381.8,1376.7,1377.8,516971
2026-03-05 14:15:00,1377.9,1381.9,1376.1,1381.9,913399
2026-03-05 14:30:00,1381.8,1392.5,1378.1,1389.7,1301543
2026-03-05 14:45:00,1389.5,1399.0,1387.5,1398.8,1593637
2026-03-05 15:00:00,1398.8,1398.8,1384.3,1387.8,4433521
2026-03-05 15:15:00,1387.5,1390.8,1383.5,1386.4,2217444
2026-03-06 09:15:00,1398.6,1415.6,1390.3,1414.3,1684348
2026-03-06 09:30:00,1414.7,1419.4,1412.6,1415.2,1533793
2026-03-06 09:45:00,1415.0,1416.9,1410.4,1411.7,526738
2026-03-06 10:00:00,1411.6,1418.5,1409.9,1417.5,514524
2026-03-06 10:15:00,1417.5,1424.2,1417.2,1422.7,768960
2026-03-06 10:30:00,1422.5,1422.5,1418.2,1420.0,513670
2026-03-06 10:45:00,1420.2,1420.2,1415.5,1417.7,628510
2026-03-06 11:00:00,1417.6,1422.7,1415.8,1416.1,471027
2026-03-06 11:15:00,1416.4,1418.4,1412.0,1415.5,692196
2026-03-06 11:30:00,1415.1,1422.0,1415.1,1418.4,617751
2026-03-06 11:45:00,1418.4,1421.8,1417.2,1418.3,650310
2026-03-06 12:00:00,1418.2,1418.5,1414.3,1416.1,398217
2026-03-06 12:15:00,1416.2,1416.2,1412.1,1413.9,963178
2026-03-06 12:30:00,1414.2,1417.6,1414.1,1417.4,319841
2026-03-06 12:45:00,1417.4,1420.1,1415.6,1419.6,529787
2026-03-06 13:00:00,1419.6,1420.4,1416.0,1417.9,397224
2026-03-06 13:15:00,1417.7,1419.0,1415.8,1417.8,457623
2026-03-06 13:30:00,1417.9,1418.7,1413.4,1415.5,557111
2026-03-06 13:45:00,1415.2,1415.5,1408.6,1408.6,1049536
2026-03-06 14:00:00,1409.3,1414.9,1408.0,1411.7,985519
2026-03-06 14:15:00,1411.6,1414.7,1411.4,1413.9,515313
2026-03-06 14:30:00,1413.8,1417.2,1410.2,1410.8,534736
2026-03-06 14:45:00,1410.8,1412.2,1402.4,1406.4,789816
2026-03-06 15:00:00,1406.6,1407.8,1403.5,1404.7,1316259
2026-03-06 15:15:00,1404.8,1409.7,1401.0,1408.0,968391
2026-03-09 09:15:00,1375.0,1406.8,1375.0,1401.9,2441570
2026-03-09 09:30:00,1401.8,1409.0,1395.5,1400.7,1792284
2026-03-09 09:45:00,1400.3,1412.9,1398.3,1411.6,1224638
2026-03-09 10:00:00,1411.6,1412.0,1401.2,1401.6,885250
2026-03-09 10:15:00,1402.0,1403.2,1396.3,1398.6,821119
2026-03-09 10:30:00,1398.6,1403.6,1397.6,1401.8,546892
2026-03-09 10:45:00,1401.8,1402.5,1397.2,1399.9,586252
2026-03-09 11:00:00,1400.0,1402.5,1393.7,1396.0,680751
2026-03-09 11:15:00,1396.0,1398.0,1391.1,1397.0,656824
2026-03-09 11:30:00,1396.9,1406.0,1395.7,1402.7,1279357
2026-03-09 11:45:00,1402.7,1405.3,1401.0,1404.0,369354
2026-03-09 12:00:00,1404.1,1404.1,1395.7,1398.9,468025
2026-03-09 12:15:00,1398.9,1401.5,1398.4,1399.6,605301
2026-03-09 12:30:00,1399.6,1399.9,1397.0,1399.8,359817
2026-03-09 12:45:00,1399.7,1407.0,1399.2,1407.0,783161
2026-03-09 13:00:00,1407.0,1407.9,1403.4,1403.7,990089
2026-03-09 13:15:00,1403.7,1407.7,1402.3,1405.1,1120558
2026-03-09 13:30:00,1405.7,1409.5,1405.3,1406.0,780103
2026-03-09 13:45:00,1405.8,1408.7,1403.3,1407.8,492575
2026-03-09 14:00:00,1407.8,1410.2,1405.8,1408.7,383217
2026-03-09 14:15:00,1408.7,1412.2,1407.3,1411.4,498372
2026-03-09 14:30:00,1411.3,1415.0,1410.0,1414.5,623096
2026-03-09 14:45:00,1414.5,1421.9,1413.6,1420.8,922393
2026-03-09 15:00:00,1420.9,1429.0,1419.0,1425.0,1741774
2026-03-09 15:15:00,1424.6,1425.0,1418.6,1418.6,1064287
2026-03-10 09:15:00,1431.5,1431.5,1401.0,1408.9,738050
2026-03-10 09:30:00,1408.8,1410.9,1402.6,1410.9,911964
2026-03-10 09:45:00,1410.6,1412.0,1407.3,1411.5,482283
2026-03-10 10:00:00,1411.4,1415.0,1411.2,1413.3,359825
2026-03-10 10:15:00,1413.1,1417.7,1412.7,1414.3,372761
2026-03-10 10:30:00,1414.0,1421.0,1414.0,1420.0,340321
2026-03-10 10:45:00,1420.0,1420.5,1412.5,1416.0,299601
2026-03-10 11:00:00,1416.4,1418.6,1414.4,1415.0,324841
2026-03-10 11:15:00,1415.0,1418.3,1414.7,1416.2,568989
2026-03-10 11:30:00,1416.2,1418.5,1416.2,1416.6,271900
2026-03-10 11:45:00,1416.6,1416.7,1410.0,1412.4,319090
2026-03-10 12:00:00,1412.3,1414.6,1410.0,1410.0,249161
2026-03-10 12:15:00,1410.0,1411.5,1407.0,1410.0,485110
2026-03-10 12:30:00,1410.0,1414.7,1407.2,1407.2,1210223
2026-03-10 12:45:00,1407.2,1413.8,1405.8,1411.4,460665
2026-03-10 13:00:00,1411.2,1412.5,1407.2,1408.0,811148
2026-03-10 13:15:00,1408.3,1411.3,1407.3,1411.0,492685
2026-03-10 13:30:00,1411.0,1415.8,1410.9,1413.4,914374
2026-03-10 13:45:00,1413.4,1414.0,1412.3,1412.4,252439
2026-03-10 14:00:00,1412.4,1415.5,1410.6,1414.0,567643
2026-03-10 14:15:00,1414.0,1414.7,1408.6,1410.0,466118
2026-03-10 14:30:00,1410.0,1412.8,1408.8,1411.7,728900
2026-03-10 14:45:00,1411.7,1415.3,1411.1,1412.6,934317
2026-03-10 15:00:00,1412.7,1412.7,1406.0,1408.5,3094400
2026-03-10 15:15:00,1408.5,1412.2,1405.7,1410.9,1625490
2026-03-11 09:15:00,1424.9,1433.5,1417.2,1419.5,1437319
2026-03-11 09:30:00,1419.9,1420.9,1401.8,1401.8,1687186
2026-03-11 09:45:00,1401.8,1407.0,1395.7,1399.1,1054032
2026-03-11 10:00:00,1399.1,1405.0,1396.6,1404.1,569933
2026-03-11 10:15:00,1403.7,1404.8,1400.4,1402.7,299556
2026-03-11 10:30:00,1402.7,1404.7,1401.0,1401.6,333275
2026-03-11 10:45:00,1401.6,1404.9,1399.2,1401.0,664069
2026-03-11 11:00:00,1401.0,1401.5,1398.4,1399.3,595334
2026-03-11 11:15:00,1399.3,1400.2,1397.0,1400.2,354647
2026-03-11 11:30:00,1400.1,1400.4,1395.5,1397.2,337878
2026-03-11 11:45:00,1397.2,1398.4,1392.5,1395.0,482510
2026-03-11 12:00:00,1394.9,1398.7,1394.6,1397.8,306551
2026-03-11 12:15:00,1397.8,1402.2,1397.8,1401.9,431085
2026-03-11 12:30:00,1401.9,1402.2,1397.8,1401.5,528824
2026-03-11 12:45:00,1401.4,1401.8,1398.0,1398.8,455604
2026-03-11 13:00:00,1398.7,1402.9,1398.4,1401.0,1137534
2026-03-11 13:15:00,1400.8,1404.6,1399.5,1404.0,459631
2026-03-11 13:30:00,1404.0,1405.8,1402.0,1402.1,473283
2026-03-11 13:45:00,1402.1,1402.2,1398.8,1400.4,479968
2026-03-11 14:00:00,1400.4,1400.6,1397.5,1398.3,400967
2026-03-11 14:15:00,1398.2,1398.9,1391.0,1395.5,1230694
2026-03-11 14:30:00,1395.5,1395.8,1390.8,1391.8,1047344
2026-03-11 14:45:00,1391.7,1394.1,1390.0,1390.1,872013
2026-03-11 15:00:00,1390.4,1394.1,1389.1,1389.6,1780772
2026-03-11 15:15:00,1389.6,1390.6,1383.8,1387.0,1892973
2026-03-12 09:15:00,1388.6,1397.0,1381.1,1390.3,1097613
2026-03-12 09:30:00,1390.2,1393.9,1387.6,1392.5,936599
2026-03-12 09:45:00,1392.5,1398.7,1391.3,1397.9,882621
2026-03-12 10:00:00,1397.9,1398.7,1393.0,1393.8,501778
2026-03-12 10:15:00,1393.6,1402.2,1393.5,1400.0,464050
2026-03-12 10:30:00,1399.8,1403.9,1398.3,1402.5,575601
2026-03-12 10:45:00,1402.9,1406.9,1401.6,1406.7,433919
2026-03-12 11:00:00,1406.9,1410.8,1406.1,1406.6,509826
2026-03-12 11:15:00,1406.8,1408.8,1402.1,1405.5,552129
2026-03-12 11:30:00,1405.3,1407.6,1403.0,1404.5,228309
2026-03-12 11:45:00,1404.5,1409.1,1404.4,1408.3,230312
2026-03-12 12:00:00,1408.3,1409.9,1407.1,1409.9,330944
2026-03-12 12:15:00,1409.9,1409.9,1406.1,1406.4,288192
2026-03-12 12:30:00,1406.2,1407.0,1403.1,1406.0,420106
2026-03-12 12:45:00,1405.7,1407.7,1403.5,1404.1,293688
2026-03-12 13:00:00,1404.1,1408.5,1400.0,1407.2,551838
2026-03-12 13:15:00,1407.2,1409.7,1404.6,1409.0,379615
2026-03-12 13:30:00,1408.9,1410.3,1406.5,1408.4,527194
2026-03-12 13:45:00,1408.6,1409.1,1404.0,1405.1,594071
2026-03-12 14:00:00,1404.8,1408.7,1402.8,1404.3,577803
2026-03-12 14:15:00,1404.2,1405.8,1401.5,1401.7,531037
2026-03-12 14:30:00,1401.5,1403.2,1398.1,1399.4,1018964
2026-03-12 14:45:00,1399.3,1400.0,1393.1,1395.1,1620534
2026-03-12 15:00:00,1395.2,1396.7,1389.0,1390.7,4034811
2026-03-12 15:15:00,1390.7,1394.9,1388.6,1390.0,2507072
2026-03-13 09:15:00,1386.7,1397.5,1384.2,1395.6,354573
2026-03-13 09:30:00,1395.6,1397.4,1391.5,1392.1,638148
2026-03-13 09:45:00,1391.3,1399.5,1390.1,1393.8,1047924
2026-03-13 10:00:00,1393.8,1397.8,1392.0,1396.5,1096578
2026-03-13 10:15:00,1396.5,1399.2,1395.0,1399.2,534290
2026-03-13 10:30:00,1399.4,1400.6,1393.4,1395.3,612655
2026-03-13 10:45:00,1395.3,1395.8,1392.5,1395.1,703464
2026-03-13 11:00:00,1395.0,1395.1,1391.0,1392.2,462194
2026-03-13 11:15:00,1391.5,1392.5,1387.1,1392.0,368666
2026-03-13 11:30:00,1392.1,1397.6,1389.6,1397.3,594705
2026-03-13 11:45:00,1397.6,1400.0,1395.0,1395.8,322734
2026-03-13 12:00:00,1396.3,1396.9,1389.4,1391.4,207690
2026-03-13 12:15:00,1391.7,1392.0,1387.0,1387.4,637724
2026-03-13 12:30:00,1387.4,1387.9,1380.2,1383.6,495229
2026-03-13 12:45:00,1383.6,1385.5,1381.2,1382.2,490451
2026-03-13 13:00:00,1382.2,1385.0,1380.3,1380.5,334192
2026-03-13 13:15:00,1380.2,1384.0,1378.6,1383.9,451072
2026-03-13 13:30:00,1383.9,1384.2,1380.0,1382.5,626143
2026-03-13 13:45:00,1382.5,1384.8,1380.2,1382.4,839348
2026-03-13 14:00:00,1382.5,1388.0,1382.3,1387.5,1078103
2026-03-13 14:15:00,1387.5,1388.2,1384.8,1385.6,596706
2026-03-13 14:30:00,1386.1,1389.0,1383.4,1384.3,1024461
2026-03-13 14:45:00,1384.3,1385.6,1379.5,1381.6,878499
2026-03-13 15:00:00,1381.7,1383.5,1378.6,1382.5,1171330
2026-03-13 15:15:00,1382.4,1382.9,1379.0,1382.1,1023760
2026-03-16 09:15:00,1380.6,1384.6,1373.7,1382.0,417936
2026-03-16 09:30:00,1382.0,1389.2,1381.9,1383.8,858533
2026-03-16 09:45:00,1383.8,1384.8,1379.4,1379.5,611113
2026-03-16 10:00:00,1380.1,1381.9,1370.3,1372.7,779918
2026-03-16 10:15:00,1372.3,1372.3,1363.5,1366.2,610094
2026-03-16 10:30:00,1366.5,1373.0,1366.5,1372.5,493171
2026-03-16 10:45:00,1372.6,1375.5,1369.8,1375.5,397046
2026-03-16 11:00:00,1375.4,1376.4,1372.0,1375.4,305122
2026-03-16 11:15:00,1375.4,1380.5,1375.3,1378.0,301541
2026-03-16 11:30:00,1377.8,1379.7,1372.1,1372.5,487253
2026-03-16 11:45:00,1372.7,1375.0,1372.5,1373.0,352255
2026-03-16 12:00:00,1373.1,1377.7,1373.0,1376.9,371797
2026-03-16 12:15:00,1377.0,1379.9,1375.8,1379.2,420824
2026-03-16 12:30:00,1379.2,1381.7,1375.2,1380.1,699169
2026-03-16 12:45:00,1380.0,1380.1,1373.3,1378.4,680231
2026-03-16 13:00:00,1378.4,1380.8,1374.7,1378.1,557817
2026-03-16 13:15:00,1378.2,1382.7,1378.0,1380.0,1062204
2026-03-16 13:30:00,1379.3,1380.7,1375.5,1375.7,1124151
2026-03-16 13:45:00,1375.7,1381.9,1375.0,1381.5,777104
2026-03-16 14:00:00,1381.5,1386.9,1380.5,1383.7,1036528
2026-03-16 14:15:00,1383.7,1395.0,1382.0,1390.6,1961955
2026-03-16 14:30:00,1391.0,1395.0,1389.5,1393.7,2218265
2026-03-16 14:45:00,1393.4,1395.6,1390.6,1392.7,1941785
2026-03-16 15:00:00,1393.2,1397.3,1391.4,1396.9,2208864
2026-03-16 15:15:00,1397.0,1397.1,1392.6,1395.0,1418173
2026-03-17 09:15:00,1398.9,1402.4,1395.1,1398.2,359154
2026-03-17 09:30:00,1398.4,1401.8,1396.3,1397.8,389350
2026-03-17 09:45:00,1397.8,1401.5,1396.2,1398.8,600948
2026-03-17 10:00:00,1398.8,1403.2,1398.5,1400.3,354183
2026-03-17 10:15:00,1400.4,1402.0,1399.4,1400.9,278183
2026-03-17 10:30:00,1400.5,1401.7,1395.7,1399.3,612117
2026-03-17 10:45:00,1399.3,1401.6,1398.4,1399.3,363108
2026-03-17 11:00:00,1399.5,1400.2,1397.2,1397.9,261837
2026-03-17 11:15:00,1397.9,1399.0,1391.3,1392.0,758709
2026-03-17 11:30:00,1392.3,1393.3,1388.7,1389.3,429511
2026-03-17 11:45:00,1389.3,1392.9,1388.7,1392.3,286266
2026-03-17 12:00:00,1392.8,1395.1,1391.7,1393.6,193851
2026-03-17 12:15:00,1393.7,1393.7,1389.0,1389.9,252876
2026-03-17 12:30:00,1389.9,1396.1,1388.2,1395.7,466502
2026-03-17 12:45:00,1395.7,1399.5,1394.8,1398.8,524550
2026-03-17 13:00:00,1398.6,1400.8,1394.5,1400.1,1180505
2026-03-17 13:15:00,1400.4,1401.9,1398.1,1399.7,392369
2026-03-17 13:30:00,1399.4,1402.5,1397.1,1398.5,395370
2026-03-17 13:45:00,1398.5,1400.9,1398.3,1399.0,335214
2026-03-17 14:00:00,1398.8,1404.5,1398.4,1403.6,863116
2026-03-17 14:15:00,1403.6,1405.9,1399.2,1400.3,991358
2026-03-17 14:30:00,1400.3,1402.9,1400.3,1400.9,368836
2026-03-17 14:45:00,1401.2,1405.1,1398.5,1405.0,995451
2026-03-17 15:00:00,1404.7,1404.9,1395.7,1401.1,4165464
2026-03-17 15:15:00,1401.1,1401.1,1392.3,1394.8,2563620
2026-03-18 09:15:00,1397.6,1409.6,1397.6,1406.5,444298
2026-03-18 09:30:00,1406.5,1409.9,1406.0,1407.1,369897
2026-03-18 09:45:00,1407.4,1412.0,1407.1,1409.3,561128
2026-03-18 10:00:00,1409.6,1409.6,1405.5,1406.2,265012
2026-03-18 10:15:00,1406.6,1409.5,1406.2,1408.0,248591
2026-03-18 10:30:00,1408.1,1409.6,1407.3,1408.9,234722
2026-03-18 10:45:00,1409.0,1410.6,1408.2,1409.0,223828
2026-03-18 11:00:00,1409.0,1412.9,1408.9,1412.1,374936
2026-03-18 11:15:00,1412.0,1412.0,1408.6,1410.1,169689
2026-03-18 11:30:00,1410.1,1410.7,1408.5,1409.5,177320
2026-03-18 11:45:00,1409.5,1409.9,1408.5,1409.0,113482
2026-03-18 12:00:00,1409.2,1409.4,1407.3,1408.1,211022
2026-03-18 12:15:00,1408.0,1408.7,1405.3,1405.3,353043
2026-03-18 12:30:00,1405.9,1407.2,1405.5,1407.1,131586
2026-03-18 12:45:00,1407.3,1411.2,1406.9,1411.0,244291
2026-03-18 13:00:00,1411.2,1412.3,1409.6,1410.6,326605
2026-03-18 13:15:00,1410.8,1410.8,1408.5,1409.9,293754
2026-03-18 13:30:00,1409.5,1410.4,1408.6,1409.7,351419
2026-03-18 13:45:00,1409.7,1411.0,1407.2,1409.5,443405
2026-03-18 14:00:00,1409.7,1411.5,1409.1,1409.6,238985
2026-03-18 14:15:00,1409.4,1411.9,1409.3,1410.5,357907
2026-03-18 14:30:00,1410.4,1410.8,1408.0,1408.9,421036
2026-03-18 14:45:00,1409.1,1410.7,1408.7,1410.0,277943
2026-03-18 15:00:00,1410.3,1410.6,1408.1,1408.3,1179150
2026-03-18 15:15:00,1408.3,1408.4,1405.1,1407.2,1060473
2026-03-19 09:15:00,1392.0,1405.0,1392.0,1400.6,428044
2026-03-19 09:30:00,1400.5,1404.5,1399.5,1400.9,590791
2026-03-19 09:45:00,1400.9,1405.2,1400.3,1404.1,441862
2026-03-19 10:00:00,1404.0,1408.0,1403.9,1406.3,412803
2026-03-19 10:15:00,1406.5,1412.0,1404.1,1408.4,515363
2026-03-19 10:30:00,1408.4,1415.6,1408.0,1414.9,653133
2026-03-19 10:45:00,1415.0,1415.1,1406.6,1406.8,397969
2026-03-19 11:00:00,1407.2,1410.1,1405.1,1405.6,285538
2026-03-19 11:15:00,1405.6,1408.4,1404.4,1405.5,316601
2026-03-19 11:30:00,1405.4,1408.0,1401.1,1401.9,444778
2026-03-19 11:45:00,1401.8,1403.3,1399.4,1401.5,336260
2026-03-19 12:00:00,1401.5,1401.9,1397.5,1401.1,262964
2026-03-19 12:15:00,1400.9,1401.5,1397.8,1400.0,297711
2026-03-19 12:30:00,1400.0,1400.2,1397.5,1398.2,196677
2026-03-19 12:45:00,1398.3,1401.6,1397.1,1400.2,379551
2026-03-19 13:00:00,1400.2,1400.8,1395.6,1396.7,300419
2026-03-19 13:15:00,1397.0,1397.5,1394.1,1394.9,374281
2026-03-19 13:30:00,1395.3,1397.4,1394.2,1396.1,241208
2026-03-19 13:45:00,1395.7,1397.5,1390.0,1393.2,585421
2026-03-19 14:00:00,1393.2,1393.7,1389.0,1391.2,502633
2026-03-19 14:15:00,1391.2,1392.9,1390.0,1390.0,265502
2026-03-19 14:30:00,1390.3,1393.8,1390.1,1392.7,456400
2026-03-19 14:45:00,1393.1,1393.4,1380.0,1381.5,652362
2026-03-19 15:00:00,1381.3,1389.8,1376.8,1385.7,4734293
2026-03-19 15:15:00,1385.7,1394.0,1384.8,1384.8,1167388
2026-03-20 09:15:00,1398.0,1413.5,1398.0,1413.4,536205
2026-03-20 09:30:00,1413.0,1413.8,1409.2,1410.1,793558
2026-03-20 09:45:00,1410.0,1416.7,1409.5,1415.5,1051027
2026-03-20 10:00:00,1415.1,1422.5,1414.0,1422.3,703412
2026-03-20 10:15:00,1422.0,1426.0,1419.2,1426.0,767365
2026-03-20 10:30:00,1426.0,1429.9,1426.0,1428.1,1163056
2026-03-20 10:45:00,1427.9,1430.0,1426.2,1428.3,947240
2026-03-20 11:00:00,1428.4,1429.9,1425.7,1428.9,647609
2026-03-20 11:15:00,1428.8,1429.5,1426.8,1427.9,349512
2026-03-20 11:30:00,1428.1,1429.3,1426.3,1427.3,475230
2026-03-20 11:45:00,1427.7,1428.2,1424.0,1425.5,327680
2026-03-20 12:00:00,1425.5,1426.4,1423.2,1425.1,316675
2026-03-20 12:15:00,1425.0,1425.0,1419.5,1420.5,564620
2026-03-20 12:30:00,1420.5,1424.4,1419.2,1423.7,477545
2026-03-20 12:45:00,1423.6,1425.7,1422.7,1424.3,386098
2026-03-20 13:00:00,1424.2,1426.8,1423.1,1424.0,456314
2026-03-20 13:15:00,1424.1,1426.6,1423.9,1425.7,245321
2026-03-20 13:30:00,1425.4,1428.7,1424.4,1426.9,472913
2026-03-20 13:45:00,1426.9,1427.3,1423.3,1423.7,385937
2026-03-20 14:00:00,1423.7,1427.1,1423.3,1424.7,511490
2026-03-20 14:15:00,1424.1,1425.6,1422.2,1423.6,583660
2026-03-20 14:30:00,1423.7,1425.0,1417.5,1417.8,905362
2026-03-20 14:45:00,1417.8,1420.4,1416.8,1417.7,869157
2026-03-20 15:00:00,1417.7,1418.2,1410.7,1416.1,4813230
2026-03-20 15:15:00,1416.1,1418.0,1410.6,1414.0,3573465
2026-03-23 09:15:00,1400.4,1409.5,1395.5,1404.8,685604
2026-03-23 09:30:00,1404.7,1408.0,1403.7,1405.9,555555
2026-03-23 09:45:00,1405.7,1407.5,1403.8,1404.2,712262
2026-03-23 10:00:00,1404.4,1405.4,1400.3,1400.3,829068
2026-03-23 10:15:00,1400.3,1402.1,1392.0,1393.2,914603
2026-03-23 10:30:00,1393.2,1397.1,1391.3,1393.2,313168
2026-03-23 10:45:00,1393.4,1396.9,1391.0,1396.5,413160
2026-03-23 11:00:00,1396.5,1400.0,1394.0,1396.0,282168
2026-03-23 11:15:00,1396.3,1398.4,1393.0,1398.3,274888
2026-03-23 11:30:00,1397.7,1399.0,1393.8,1395.2,295400
2026-03-23 11:45:00,1395.2,1399.5,1394.6,1398.6,244292
2026-03-23 12:00:00,1398.7,1401.4,1397.3,1399.9,498344
2026-03-23 12:15:00,1399.2,1399.9,1396.3,1398.4,655435
2026-03-23 12:30:00,1398.4,1401.0,1397.0,1400.5,415031
2026-03-23 12:45:00,1400.5,1401.4,1398.4,1399.7,570417
2026-03-23 13:00:00,1399.7,1400.5,1398.1,1400.4,605204
2026-03-23 13:15:00,1400.4,1401.9,1399.0,1399.3,419690
2026-03-23 13:30:00,1399.5,1403.0,1399.4,1401.7,452021
2026-03-23 13:45:00,1401.7,1408.6,1401.3,1407.3,881692
2026-03-23 14:00:00,1407.6,1412.0,1406.4,1409.2,1038184
2026-03-23 14:15:00,1409.4,1412.0,1406.5,1409.9,933339
2026-03-23 14:30:00,1409.7,1410.4,1403.6,1410.0,1664982
2026-03-23 14:45:00,1410.0,1415.5,1409.3,1415.1,1940524
2026-03-23 15:00:00,1415.0,1415.0,1405.0,1407.3,1524292
2026-03-23 15:15:00,1407.2,1408.4,1402.7,1407.8,1047330
2026-03-24 09:15:00,1418.9,1422.0,1410.7,1416.0,407173
2026-03-24 09:30:00,1416.2,1417.0,1409.9,1411.7,526649
2026-03-24 09:45:00,1412.0,1415.4,1408.5,1415.0,421218
2026-03-24 10:00:00,1415.0,1415.2,1412.6,1413.8,443349
2026-03-24 10:15:00,1413.8,1415.9,1412.3,1414.4,330617
2026-03-24 10:30:00,1414.4,1414.7,1406.7,1412.0,455158
2026-03-24 10:45:00,1412.0,1415.9,1410.5,1412.1,462593
2026-03-24 11:00:00,1411.8,1414.6,1411.8,1413.7,358409
2026-03-24 11:15:00,1413.8,1415.0,1411.6,1412.8,272886
2026-03-24 11:30:00,1412.8,1414.0,1411.8,1412.2,208367
2026-03-24 11:45:00,1412.4,1414.2,1410.4,1412.9,257328
2026-03-24 12:00:00,1413.0,1413.6,1411.2,1411.5,225174
2026-03-24 12:15:00,1411.4,1420.1,1409.2,1413.3,811977
2026-03-24 12:30:00,1413.1,1419.9,1413.1,1415.2,1034254
2026-03-24 12:45:00,1415.4,1418.5,1414.8,1416.1,1013247
2026-03-24 13:00:00,1416.1,1416.4,1412.6,1416.3,390249
2026-03-24 13:15:00,1416.3,1416.7,1414.0,1416.1,302811
2026-03-24 13:30:00,1416.0,1416.5,1414.0,1415.0,331322
2026-03-24 13:45:00,1415.2,1415.6,1411.4,1412.6,305175
2026-03-24 14:00:00,1412.5,1414.1,1411.4,1412.7,269819
2026-03-24 14:15:00,1412.8,1416.0,1409.3,1410.3,386524
2026-03-24 14:30:00,1410.3,1413.0,1407.0,1409.1,430494
2026-03-24 14:45:00,1409.0,1412.0,1408.5,1411.4,538509
2026-03-24 15:00:00,1411.1,1413.8,1408.1,1411.6,4466208
2026-03-24 15:15:00,1411.5,1414.6,1408.2,1414.0,2793405
2026-03-25 09:15:00,1419.4,1420.8,1414.1,1416.9,455674
2026-03-25 09:30:00,1416.8,1420.4,1415.3,1419.8,422097
2026-03-25 09:45:00,1420.0,1421.4,1417.0,1418.7,567233
2026-03-25 10:00:00,1418.3,1420.8,1416.0,1419.9,795545
2026-03-25 10:15:00,1419.8,1421.2,1419.2,1420.3,353328
2026-03-25 10:30:00,1420.3,1426.9,1419.0,1425.8,577736
2026-03-25 10:45:00,1425.7,1426.1,1424.1,1425.4,688077
2026-03-25 11:00:00,1425.1,1429.5,1424.5,1427.4,1117792
2026-03-25 11:15:00,1427.4,1430.4,1426.7,1427.0,482155
2026-03-25 11:30:00,1427.1,1428.0,1423.5,1423.7,473040
2026-03-25 11:45:00,1423.7,1426.8,1422.6,1424.6,552703
2026-03-25 12:00:00,1424.4,1424.8,1423.1,1424.7,325696
2026-03-25 12:15:00,1424.6,1427.9,1424.4,1426.1,449980
2026-03-25 12:30:00,1426.1,1426.5,1423.8,1426.1,314647
2026-03-25 12:45:00,1426.1,1426.7,1422.0,1423.6,398856
2026-03-25 13:00:00,1423.4,1424.8,1423.0,1423.2,308435
2026-03-25 13:15:00,1423.1,1424.8,1422.0,1422.6,340770
2026-03-25 13:30:00,1422.6,1424.3,1422.1,1423.0,362568
2026-03-25 13:45:00,1423.0,1425.0,1422.2,1422.8,354297
2026-03-25 14:00:00,1422.7,1424.3,1419.4,1419.8,467623
2026-03-25 14:15:00,1420.0,1421.4,1418.2,1418.6,333987
2026-03-25 14:30:00,1418.3,1419.5,1416.9,1417.5,291943
2026-03-25 14:45:00,1417.5,1418.1,1414.0,1415.3,557799
2026-03-25 15:00:00,1414.6,1417.8,1408.7,1412.0,6115906
2026-03-25 15:15:00,1412.0,1413.9,1410.0,1413.8,1395880
2026-03-27 09:15:00,1401.0,1401.0,1385.4,1386.4,664890
2026-03-27 09:30:00,1386.0,1386.4,1376.0,1381.8,1315919
2026-03-27 09:45:00,1381.8,1381.8,1374.2,1375.8,679411
2026-03-27 10:00:00,1375.6,1378.9,1374.8,1375.2,330664
2026-03-27 10:15:00,1375.2,1376.8,1373.4,1375.9,372423
2026-03-27 10:30:00,1375.3,1378.5,1372.7,1373.5,556157
2026-03-27 10:45:00,1373.5,1373.9,1370.3,1372.2,413836
2026-03-27 11:00:00,1372.2,1373.4,1368.6,1370.9,584012
2026-03-27 11:15:00,1371.0,1371.1,1363.0,1364.3,795838
2026-03-27 11:30:00,1364.3,1367.2,1362.3,1365.2,630372
2026-03-27 11:45:00,1365.0,1366.0,1357.1,1358.0,694677
2026-03-27 12:00:00,1357.7,1359.8,1354.1,1357.5,670108
2026-03-27 12:15:00,1357.4,1358.9,1355.1,1357.0,575009
2026-03-27 12:30:00,1357.2,1359.3,1353.3,1357.5,954144
2026-03-27 12:45:00,1357.4,1357.6,1352.2,1353.0,627604
2026-03-27 13:00:00,1352.9,1353.4,1350.1,1351.6,537213
2026-03-27 13:15:00,1351.5,1357.8,1351.5,1353.5,666638
2026-03-27 13:30:00,1353.7,1355.4,1351.0,1353.8,514949
2026-03-27 13:45:00,1353.9,1356.2,1351.2,1352.6,770410
2026-03-27 14:00:00,1352.3,1354.3,1351.6,1354.1,770722
2026-03-27 14:15:00,1354.1,1354.5,1350.1,1350.4,1147314
2026-03-27 14:30:00,1350.3,1350.7,1345.0,1348.6,1243114
2026-03-27 14:45:00,1348.6,1351.7,1348.0,1349.6,1018153
2026-03-27 15:00:00,1349.4,1351.4,1346.8,1346.8,3002994
2026-03-27 15:15:00,1347.0,1348.3,1345.1,1348.0,2750221
2026-03-30 09:15:00,1335.9,1358.8,1335.5,1356.9,1392771
2026-03-30 09:30:00,1357.4,1365.0,1355.9,1358.1,765192
2026-03-30 09:45:00,1358.1,1362.3,1356.4,1359.9,430643
2026-03-30 10:00:00,1359.9,1361.5,1353.6,1358.0,510493
2026-03-30 10:15:00,1357.8,1359.0,1352.1,1352.1,408471
2026-03-30 10:30:00,1352.3,1354.6,1348.7,1351.6,1185568
2026-03-30 10:45:00,1351.7,1353.9,1344.3,1348.1,1700809
2026-03-30 11:00:00,1348.0,1349.8,1340.5,1343.5,885478
2026-03-30 11:15:00,1344.4,1345.8,1339.6,1343.9,694421
2026-03-30 11:30:00,1343.9,1349.9,1342.7,1342.7,882983
2026-03-30 11:45:00,1343.3,1343.3,1338.3,1341.6,437745
2026-03-30 12:00:00,1341.6,1351.3,1340.9,1348.8,655654
2026-03-30 12:15:00,1348.7,1350.5,1343.4,1345.0,519623
2026-03-30 12:30:00,1345.1,1353.5,1344.1,1350.8,493247
2026-03-30 12:45:00,1350.8,1351.9,1347.3,1350.4,465580
2026-03-30 13:00:00,1350.3,1351.5,1346.3,1348.8,497685
2026-03-30 13:15:00,1348.9,1350.0,1345.8,1345.8,509106
2026-03-30 13:30:00,1345.8,1347.5,1344.4,1345.2,371420
2026-03-30 13:45:00,1345.6,1346.2,1343.5,1345.2,425496
2026-03-30 14:00:00,1345.0,1349.6,1344.3,1345.4,556238
2026-03-30 14:15:00,1345.4,1348.0,1343.2,1344.4,610776
2026-03-30 14:30:00,1344.4,1349.0,1344.4,1346.0,720279
2026-03-30 14:45:00,1346.0,1346.9,1343.6,1345.8,1013771
2026-03-30 15:00:00,1344.5,1347.6,1339.8,1341.5,5292979
2026-03-30 15:15:00,1341.5,1355.0,1340.2,1350.0,2315670
